#
# There is insufficient memory for the Java Runtime Environment to continue.
# Native memory allocation (mmap) failed to map 191889408 bytes. Error detail: G1 virtual space
# Possible reasons:
#   The system is out of physical RAM or swap space
#   This process is running with CompressedOops enabled, and the Java Heap may be blocking the growth of the native heap
# Possible solutions:
#   Reduce memory load on the system
#   Increase physical memory or swap space
#   Check if swap backing store is full
#   Decrease Java heap size (-Xmx/-Xms)
#   Decrease number of Java threads
#   Decrease Java thread stack sizes (-Xss)
#   Set larger code cache with -XX:ReservedCodeCacheSize=
#   JVM is running with Unscaled Compressed Oops mode in which the Java heap is
#     placed in the first 4GB address space. The Java Heap base address is the
#     maximum limit for the native heap growth. Please use -XX:HeapBaseMinAddress
#     to set the Java Heap base and to place the Java Heap above 4GB virtual address.
# This output file may be truncated or incomplete.
#
#  Out of Memory Error (os_windows.cpp:3926), pid=18756, tid=65328
#
# JRE version: OpenJDK Runtime Environment (21.0.10) (build 21.0.10+-14961533-b1163.108)
# Java VM: OpenJDK 64-Bit Server VM (21.0.10+-14961533-b1163.108, mixed mode, tiered, compressed oops, compressed class ptrs, g1 gc, windows-amd64)
# No core dump will be written. Minidumps are not enabled by default on client versions of Windows
#

---------------  S U M M A R Y ------------

Command Line: --add-opens=java.base/java.lang=ALL-UNNAMED --add-opens=java.base/java.lang.invoke=ALL-UNNAMED --add-opens=java.base/java.util=ALL-UNNAMED --add-opens=java.prefs/java.util.prefs=ALL-UNNAMED --add-exports=jdk.compiler/com.sun.tools.javac.api=ALL-UNNAMED --add-exports=jdk.compiler/com.sun.tools.javac.util=ALL-UNNAMED --add-opens=java.base/java.nio.charset=ALL-UNNAMED --add-opens=java.base/java.net=ALL-UNNAMED --add-opens=java.base/java.util.concurrent=ALL-UNNAMED --add-opens=java.base/java.util.concurrent.atomic=ALL-UNNAMED --add-opens=java.xml/javax.xml.namespace=ALL-UNNAMED --add-opens=java.base/java.time=ALL-UNNAMED -Xmx2048m -Dfile.encoding=UTF-8 -Duser.country=IN -Duser.language=en -Duser.variant -javaagent:C:\Users\vaibs\.gradle\wrapper\dists\gradle-9.5.0-bin\bvnork1r7n8i6kp5cnkibsc9q\gradle-9.5.0\lib\agents\gradle-instrumentation-agent-9.5.0.jar org.gradle.launcher.daemon.bootstrap.GradleDaemon 9.5.0

Host: 12th Gen Intel(R) Core(TM) i5-1235U, 12 cores, 7G,  Windows 11 , 64 bit Build 26100 (10.0.26100.8521)
Time: Tue Aug 18 21:34:25 2026 India Standard Time elapsed time: 98.552193 seconds (0d 0h 1m 38s)

---------------  T H R E A D  ---------------

Current thread (0x0000020825dfa8e0):  VMThread "VM Thread"          [id=65328, stack(0x000000739da00000,0x000000739db00000) (1024K)]

Stack: [0x000000739da00000,0x000000739db00000]
Native frames: (J=compiled Java code, j=interpreted, Vv=VM code, C=native code)
V  [jvm.dll+0x6d78a9]
V  [jvm.dll+0x8665b3]
V  [jvm.dll+0x868bde]
V  [jvm.dll+0x8692c3]
V  [jvm.dll+0x280ee6]
V  [jvm.dll+0x6d4165]
V  [jvm.dll+0x6c77fa]
V  [jvm.dll+0x358f4b]
V  [jvm.dll+0x360bc6]
V  [jvm.dll+0x3b2ea6]
V  [jvm.dll+0x3b3178]
V  [jvm.dll+0x32b65c]
V  [jvm.dll+0x32b6e7]
V  [jvm.dll+0x3715cc]
V  [jvm.dll+0x36fd7e]
V  [jvm.dll+0x32adb1]
V  [jvm.dll+0x36f480]
V  [jvm.dll+0x86f048]
V  [jvm.dll+0x870394]
V  [jvm.dll+0x8708d0]
V  [jvm.dll+0x870b63]
V  [jvm.dll+0x80fd28]
V  [jvm.dll+0x6d60fd]
C  [ucrtbase.dll+0x2cd30]
C  [KERNEL32.DLL+0x2e957]
C  [ntdll.dll+0x87c1c]

VM_Operation (0x00000073a18fabb0): G1CollectForAllocation, mode: safepoint, requested by thread 0x000002082e65c7c0


---------------  P R O C E S S  ---------------

Threads class SMR info:
_java_thread_list=0x000002082d0e7580, length=56, elements={
0x000002080e2cfcd0, 0x000002082a063e60, 0x000002082a093730, 0x000002082a094d00,
0x000002082a099bc0, 0x000002082a09a620, 0x000002082a09bbf0, 0x000002082a080980,
0x000002082a082ea0, 0x000002082a0864c0, 0x000002082a4383b0, 0x000002082b39d230,
0x000002082b896c70, 0x000002082b6b6030, 0x000002082bb9a840, 0x000002082c1e8fe0,
0x000002082bd87480, 0x000002082c02f6a0, 0x000002082c02fd30, 0x000002082c02e980,
0x000002082c0303c0, 0x000002082c02cf40, 0x000002082c02d5d0, 0x000002082c02dc60,
0x000002082d490c90, 0x000002082d48d810, 0x000002082d48f250, 0x000002082d48ebc0,
0x000002082d48f8e0, 0x000002082d48ff70, 0x000002082d491320, 0x000002082d48dea0,
0x000002082d490600, 0x000002082d4919b0, 0x000002082d48e530, 0x000002082d4947a0,
0x000002082d492040, 0x000002082d494e30, 0x000002082d4926d0, 0x000002082d492d60,
0x000002082d494110, 0x000002082e6599d0, 0x000002082e65a060, 0x000002082e656be0,
0x000002082e659340, 0x000002082e657900, 0x000002082e657270, 0x000002082e65ad80,
0x000002082e657f90, 0x000002082e65baa0, 0x000002082e658620, 0x000002082e65c130,
0x000002082e658cb0, 0x000002082e65c7c0, 0x000002082e65ce50, 0x000002082e65d4e0
}

Java Threads: ( => current thread )
  0x000002080e2cfcd0 JavaThread "main"                              [_thread_blocked, id=16152, stack(0x000000739d300000,0x000000739d400000) (1024K)]
  0x000002082a063e60 JavaThread "Common-Cleaner"             daemon [_thread_blocked, id=26532, stack(0x000000739db00000,0x000000739dc00000) (1024K)]
  0x000002082a093730 JavaThread "Reference Handler"          daemon [_thread_blocked, id=59668, stack(0x000000739dc00000,0x000000739dd00000) (1024K)]
  0x000002082a094d00 JavaThread "Finalizer"                  daemon [_thread_blocked, id=44748, stack(0x000000739dd00000,0x000000739de00000) (1024K)]
  0x000002082a099bc0 JavaThread "Signal Dispatcher"          daemon [_thread_blocked, id=37836, stack(0x000000739de00000,0x000000739df00000) (1024K)]
  0x000002082a09a620 JavaThread "Attach Listener"            daemon [_thread_blocked, id=61000, stack(0x000000739df00000,0x000000739e000000) (1024K)]
  0x000002082a09bbf0 JavaThread "Service Thread"             daemon [_thread_blocked, id=32276, stack(0x000000739e000000,0x000000739e100000) (1024K)]
  0x000002082a080980 JavaThread "Monitor Deflation Thread"   daemon [_thread_blocked, id=55136, stack(0x000000739e100000,0x000000739e200000) (1024K)]
  0x000002082a082ea0 JavaThread "C2 CompilerThread0"         daemon [_thread_blocked, id=62744, stack(0x000000739e200000,0x000000739e300000) (1024K)]
  0x000002082a0864c0 JavaThread "C1 CompilerThread0"         daemon [_thread_blocked, id=53968, stack(0x000000739e300000,0x000000739e400000) (1024K)]
  0x000002082a4383b0 JavaThread "Notification Thread"        daemon [_thread_blocked, id=72424, stack(0x000000739e400000,0x000000739e500000) (1024K)]
  0x000002082b39d230 JavaThread "Daemon health stats"               [_thread_blocked, id=54120, stack(0x000000739e900000,0x000000739ea00000) (1024K)]
  0x000002082b896c70 JavaThread "Incoming local TCP Connector on port 58216"        [_thread_in_native, id=30964, stack(0x000000739ea00000,0x000000739eb00000) (1024K)]
  0x000002082b6b6030 JavaThread "Daemon periodic checks"            [_thread_blocked, id=42264, stack(0x000000739eb00000,0x000000739ec00000) (1024K)]
  0x000002082bb9a840 JavaThread "Daemon"                            [_thread_blocked, id=37276, stack(0x000000739ec00000,0x000000739ed00000) (1024K)]
  0x000002082c1e8fe0 JavaThread "Handler for socket connection from /127.0.0.1:58216 to /127.0.0.1:58218"        [_thread_in_native, id=61708, stack(0x000000739ed00000,0x000000739ee00000) (1024K)]
  0x000002082bd87480 JavaThread "Cancel handler"                    [_thread_blocked, id=71424, stack(0x000000739f500000,0x000000739f600000) (1024K)]
  0x000002082c02f6a0 JavaThread "Daemon worker"                     [_thread_blocked, id=61464, stack(0x000000739f600000,0x000000739f700000) (1024K)]
  0x000002082c02fd30 JavaThread "Asynchronous log dispatcher for DefaultDaemonConnection: socket connection from /127.0.0.1:58216 to /127.0.0.1:58218"        [_thread_blocked, id=6508, stack(0x000000739f700000,0x000000739f800000) (1024K)]
  0x000002082c02e980 JavaThread "Stdin handler"                     [_thread_blocked, id=36808, stack(0x000000739f800000,0x000000739f900000) (1024K)]
  0x000002082c0303c0 JavaThread "Daemon client event forwarder"        [_thread_blocked, id=70708, stack(0x000000739f900000,0x000000739fa00000) (1024K)]
  0x000002082c02cf40 JavaThread "Cache worker for journal cache (C:\Users\vaibs\.gradle\caches\journal-1)"        [_thread_blocked, id=28968, stack(0x000000739fa00000,0x000000739fb00000) (1024K)]
  0x000002082c02d5d0 JavaThread "File lock request listener"        [_thread_in_native, id=6880, stack(0x000000739fb00000,0x000000739fc00000) (1024K)]
  0x000002082c02dc60 JavaThread "Cache worker for file hash cache (C:\Users\vaibs\.gradle\caches\9.5.0\fileHashes)"        [_thread_blocked, id=39584, stack(0x000000739fc00000,0x000000739fd00000) (1024K)]
  0x000002082d490c90 JavaThread "Cache worker for file hash cache (C:\Users\vaibs\OneDrive\Desktop\project 1\ready-to-revise_R2R\android\.gradle\9.5.0\fileHashes)"        [_thread_blocked, id=2848, stack(0x000000739fd00000,0x000000739fe00000) (1024K)]
  0x000002082d48d810 JavaThread "Cache worker for Build Output Cleanup Cache (C:\Users\vaibs\OneDrive\Desktop\project 1\ready-to-revise_R2R\android\.gradle\buildOutputCleanup)"        [_thread_blocked, id=71460, stack(0x000000739fe00000,0x000000739ff00000) (1024K)]
  0x000002082d48f250 JavaThread "File watcher server"        daemon [_thread_in_native, id=29888, stack(0x000000739ff00000,0x00000073a0000000) (1024K)]
  0x000002082d48ebc0 JavaThread "File watcher consumer"      daemon [_thread_blocked, id=65148, stack(0x00000073a0000000,0x00000073a0100000) (1024K)]
  0x000002082d48f8e0 JavaThread "jar transforms"                    [_thread_blocked, id=38848, stack(0x00000073a0100000,0x00000073a0200000) (1024K)]
  0x000002082d48ff70 JavaThread "jar transforms Thread 2"           [_thread_blocked, id=57916, stack(0x00000073a0200000,0x00000073a0300000) (1024K)]
  0x000002082d491320 JavaThread "jar transforms Thread 3"           [_thread_blocked, id=48712, stack(0x00000073a0300000,0x00000073a0400000) (1024K)]
  0x000002082d48dea0 JavaThread "jar transforms Thread 4"           [_thread_blocked, id=62236, stack(0x00000073a0400000,0x00000073a0500000) (1024K)]
  0x000002082d490600 JavaThread "jar transforms Thread 5"           [_thread_blocked, id=65516, stack(0x00000073a0500000,0x00000073a0600000) (1024K)]
  0x000002082d4919b0 JavaThread "jar transforms Thread 6"           [_thread_blocked, id=25544, stack(0x00000073a0600000,0x00000073a0700000) (1024K)]
  0x000002082d48e530 JavaThread "jar transforms Thread 7"           [_thread_blocked, id=36700, stack(0x00000073a0700000,0x00000073a0800000) (1024K)]
  0x000002082d4947a0 JavaThread "jar transforms Thread 8"           [_thread_blocked, id=30132, stack(0x00000073a0800000,0x00000073a0900000) (1024K)]
  0x000002082d492040 JavaThread "jar transforms Thread 9"           [_thread_blocked, id=43216, stack(0x00000073a0900000,0x00000073a0a00000) (1024K)]
  0x000002082d494e30 JavaThread "jar transforms Thread 10"          [_thread_blocked, id=29788, stack(0x00000073a0a00000,0x00000073a0b00000) (1024K)]
  0x000002082d4926d0 JavaThread "jar transforms Thread 11"          [_thread_blocked, id=43472, stack(0x00000073a0b00000,0x00000073a0c00000) (1024K)]
  0x000002082d492d60 JavaThread "jar transforms Thread 12"          [_thread_blocked, id=53140, stack(0x00000073a0c00000,0x00000073a0d00000) (1024K)]
  0x000002082d494110 JavaThread "Cache worker for file content cache (C:\Users\vaibs\.gradle\caches\9.5.0\fileContent)"        [_thread_blocked, id=6804, stack(0x00000073a0d00000,0x00000073a0e00000) (1024K)]
  0x000002082e6599d0 JavaThread "Cache worker for checksums cache (C:\Users\vaibs\OneDrive\Desktop\project 1\ready-to-revise_R2R\android\.gradle\9.5.0\checksums)"        [_thread_blocked, id=39664, stack(0x00000073a0e00000,0x00000073a0f00000) (1024K)]
  0x000002082e65a060 JavaThread "Cache worker for cache directory md-supplier (C:\Users\vaibs\.gradle\caches\9.5.0\md-supplier)"        [_thread_blocked, id=60332, stack(0x00000073a0f00000,0x00000073a1000000) (1024K)]
  0x000002082e656be0 JavaThread "Cache worker for cache directory md-rule (C:\Users\vaibs\.gradle\caches\9.5.0\md-rule)"        [_thread_blocked, id=36988, stack(0x00000073a1000000,0x00000073a1100000) (1024K)]
  0x000002082e659340 JavaThread "Build operations"                  [_thread_blocked, id=39496, stack(0x00000073a1100000,0x00000073a1200000) (1024K)]
  0x000002082e657900 JavaThread "Build operations Thread 2"         [_thread_blocked, id=73656, stack(0x00000073a1200000,0x00000073a1300000) (1024K)]
  0x000002082e657270 JavaThread "Build operations Thread 3"         [_thread_blocked, id=12232, stack(0x00000073a1300000,0x00000073a1400000) (1024K)]
  0x000002082e65ad80 JavaThread "Build operations Thread 4"         [_thread_blocked, id=60492, stack(0x00000073a1400000,0x00000073a1500000) (1024K)]
  0x000002082e657f90 JavaThread "Build operations Thread 5"         [_thread_in_native, id=27216, stack(0x000000739d000000,0x000000739d100000) (1024K)]
  0x000002082e65baa0 JavaThread "Build operations Thread 6"         [_thread_blocked, id=52868, stack(0x000000739d100000,0x000000739d200000) (1024K)]
  0x000002082e658620 JavaThread "Build operations Thread 7"         [_thread_blocked, id=41152, stack(0x00000073a1500000,0x00000073a1600000) (1024K)]
  0x000002082e65c130 JavaThread "Build operations Thread 8"         [_thread_blocked, id=328, stack(0x00000073a1600000,0x00000073a1700000) (1024K)]
  0x000002082e658cb0 JavaThread "Build operations Thread 9"         [_thread_blocked, id=48816, stack(0x00000073a1700000,0x00000073a1800000) (1024K)]
  0x000002082e65c7c0 JavaThread "Build operations Thread 10"        [_thread_blocked, id=65564, stack(0x00000073a1800000,0x00000073a1900000) (1024K)]
  0x000002082e65ce50 JavaThread "Build operations Thread 11"        [_thread_blocked, id=46216, stack(0x00000073a1900000,0x00000073a1a00000) (1024K)]
  0x000002082e65d4e0 JavaThread "Build operations Thread 12"        [_thread_blocked, id=21120, stack(0x00000073a1a00000,0x00000073a1b00000) (1024K)]
Total: 56

Other Threads:
=>0x0000020825dfa8e0 VMThread "VM Thread"                           [id=65328, stack(0x000000739da00000,0x000000739db00000) (1024K)]
  0x0000020825db27d0 WatcherThread "VM Periodic Task Thread"        [id=49700, stack(0x000000739d900000,0x000000739da00000) (1024K)]
  0x000002080e32b260 WorkerThread "GC Thread#0"                     [id=22288, stack(0x000000739d400000,0x000000739d500000) (1024K)]
  0x000002082a7aaea0 WorkerThread "GC Thread#1"                     [id=53652, stack(0x000000739e500000,0x000000739e600000) (1024K)]
  0x000002082a27e580 WorkerThread "GC Thread#2"                     [id=33052, stack(0x000000739e600000,0x000000739e700000) (1024K)]
  0x000002082a49a410 WorkerThread "GC Thread#3"                     [id=24004, stack(0x000000739e700000,0x000000739e800000) (1024K)]
  0x000002082a6f6900 WorkerThread "GC Thread#4"                     [id=2952, stack(0x000000739e800000,0x000000739e900000) (1024K)]
  0x000002082a6f7f20 WorkerThread "GC Thread#5"                     [id=25532, stack(0x000000739ee00000,0x000000739ef00000) (1024K)]
  0x000002082a6f7b70 WorkerThread "GC Thread#6"                     [id=58216, stack(0x000000739ef00000,0x000000739f000000) (1024K)]
  0x000002082a6f82d0 WorkerThread "GC Thread#7"                     [id=72976, stack(0x000000739f000000,0x000000739f100000) (1024K)]
  0x000002082b5ce990 WorkerThread "GC Thread#8"                     [id=27732, stack(0x000000739f100000,0x000000739f200000) (1024K)]
  0x000002082b5cdad0 WorkerThread "GC Thread#9"                     [id=52416, stack(0x000000739f200000,0x000000739f300000) (1024K)]
  0x000002080e33d740 ConcurrentGCThread "G1 Main Marker"            [id=48544, stack(0x000000739d500000,0x000000739d600000) (1024K)]
  0x000002080e33e160 WorkerThread "G1 Conc#0"                       [id=37340, stack(0x000000739d600000,0x000000739d700000) (1024K)]
  0x000002082b5ce5e0 WorkerThread "G1 Conc#1"                       [id=72800, stack(0x000000739f300000,0x000000739f400000) (1024K)]
  0x000002082b5ced40 WorkerThread "G1 Conc#2"                       [id=24784, stack(0x000000739f400000,0x000000739f500000) (1024K)]
  0x000002080e38e440 ConcurrentGCThread "G1 Refine#0"               [id=23592, stack(0x000000739d700000,0x000000739d800000) (1024K)]
  0x0000020825c83590 ConcurrentGCThread "G1 Service"                [id=46960, stack(0x000000739d800000,0x000000739d900000) (1024K)]
Total: 18

Threads with active compile tasks:
C2 CompilerThread0  98638 13122 % !   4       org.gradle.internal.classpath.ClasspathWalker::visitJarContents @ 13 (107 bytes)
Total: 1

VM state: at safepoint (normal execution)

VM Mutex/Monitor currently owned by a thread:  ([mutex/lock_event])
[0x00007ffe56ea86d0] Threads_lock - owner thread: 0x0000020825dfa8e0
[0x00007ffe56ea87d0] Heap_lock - owner thread: 0x000002082e65c7c0

Heap address: 0x0000000080000000, size: 2048 MB, Compressed Oops mode: 32-bit

CDS archive(s) not mapped
Compressed class space mapped at: 0x0000000100000000-0x0000000140000000, reserved size: 1073741824
Narrow klass base: 0x0000000000000000, Narrow klass shift: 3, Narrow klass range: 0x140000000

GC Precious Log:
 CardTable entry size: 512
 Card Set container configuration: InlinePtr #cards 5 size 8 Array Of Cards #cards 12 size 40 Howl #buckets 4 coarsen threshold 1843 Howl Bitmap #cards 512 size 80 coarsen threshold 460 Card regions per heap region 1 cards per card region 2048
 CPUs: 12 total, 12 available
 Memory: 7876M
 Large Page Support: Disabled
 NUMA Support: Disabled
 Compressed Oops: Enabled (32-bit)
 Heap Region Size: 1M
 Heap Min Capacity: 8M
 Heap Initial Capacity: 124M
 Heap Max Capacity: 2G
 Pre-touch: Disabled
 Parallel Workers: 10
 Concurrent Workers: 3
 Concurrent Refinement Workers: 10
 Periodic GC: Disabled

Heap:
 garbage-first heap   total 265216K, used 130009K [0x0000000080000000, 0x0000000100000000)
  region size 1024K, 9 young (9216K), 9 survivors (9216K)
 Metaspace       used 90904K, committed 92928K, reserved 1179648K
  class space    used 12720K, committed 13696K, reserved 1048576K

Heap Regions: E=young(eden), S=young(survivor), O=old, HS=humongous(starts), HC=humongous(continues), CS=collection set, F=free, TAMS=top-at-mark-start, PB=parsable bottom
|   0|0x0000000080000000, 0x0000000080100000, 0x0000000080100000|100%|HS|  |TAMS 0x0000000080000000| PB 0x0000000080000000| Complete 
|   1|0x0000000080100000, 0x0000000080200000, 0x0000000080200000|100%|HC|  |TAMS 0x0000000080100000| PB 0x0000000080100000| Complete 
|   2|0x0000000080200000, 0x0000000080300000, 0x0000000080300000|100%|HC|  |TAMS 0x0000000080200000| PB 0x0000000080200000| Complete 
|   3|0x0000000080300000, 0x0000000080400000, 0x0000000080400000|100%|HC|  |TAMS 0x0000000080300000| PB 0x0000000080300000| Complete 
|   4|0x0000000080400000, 0x0000000080500000, 0x0000000080500000|100%| O|  |TAMS 0x0000000080400000| PB 0x0000000080400000| Untracked 
|   5|0x0000000080500000, 0x0000000080600000, 0x0000000080600000|100%| O|  |TAMS 0x0000000080500000| PB 0x0000000080500000| Untracked 
|   6|0x0000000080600000, 0x0000000080700000, 0x0000000080700000|100%| O|  |TAMS 0x0000000080600000| PB 0x0000000080600000| Untracked 
|   7|0x0000000080700000, 0x0000000080800000, 0x0000000080800000|100%| O|  |TAMS 0x0000000080700000| PB 0x0000000080700000| Untracked 
|   8|0x0000000080800000, 0x0000000080900000, 0x0000000080900000|100%| O|  |TAMS 0x0000000080800000| PB 0x0000000080800000| Untracked 
|   9|0x0000000080900000, 0x0000000080a00000, 0x0000000080a00000|100%| O|  |TAMS 0x0000000080900000| PB 0x0000000080900000| Untracked 
|  10|0x0000000080a00000, 0x0000000080b00000, 0x0000000080b00000|100%| O|  |TAMS 0x0000000080a00000| PB 0x0000000080a00000| Untracked 
|  11|0x0000000080b00000, 0x0000000080c00000, 0x0000000080c00000|100%|HS|  |TAMS 0x0000000080b00000| PB 0x0000000080b00000| Complete 
|  12|0x0000000080c00000, 0x0000000080d00000, 0x0000000080d00000|100%| O|  |TAMS 0x0000000080c00000| PB 0x0000000080c00000| Untracked 
|  13|0x0000000080d00000, 0x0000000080e00000, 0x0000000080e00000|100%| O|  |TAMS 0x0000000080d00000| PB 0x0000000080d00000| Untracked 
|  14|0x0000000080e00000, 0x0000000080f00000, 0x0000000080f00000|100%| O|  |TAMS 0x0000000080e00000| PB 0x0000000080e00000| Untracked 
|  15|0x0000000080f00000, 0x0000000081000000, 0x0000000081000000|100%| O|  |TAMS 0x0000000080f00000| PB 0x0000000080f00000| Untracked 
|  16|0x0000000081000000, 0x0000000081100000, 0x0000000081100000|100%| O|  |TAMS 0x0000000081000000| PB 0x0000000081000000| Untracked 
|  17|0x0000000081100000, 0x0000000081200000, 0x0000000081200000|100%| O|  |TAMS 0x0000000081100000| PB 0x0000000081100000| Untracked 
|  18|0x0000000081200000, 0x0000000081300000, 0x0000000081300000|100%| O|  |TAMS 0x0000000081200000| PB 0x0000000081200000| Untracked 
|  19|0x0000000081300000, 0x0000000081400000, 0x0000000081400000|100%| O|  |TAMS 0x0000000081300000| PB 0x0000000081300000| Untracked 
|  20|0x0000000081400000, 0x0000000081500000, 0x0000000081500000|100%| O|  |TAMS 0x0000000081400000| PB 0x0000000081400000| Untracked 
|  21|0x0000000081500000, 0x0000000081600000, 0x0000000081600000|100%| O|  |TAMS 0x0000000081500000| PB 0x0000000081500000| Untracked 
|  22|0x0000000081600000, 0x0000000081700000, 0x0000000081700000|100%| O|  |TAMS 0x0000000081600000| PB 0x0000000081600000| Untracked 
|  23|0x0000000081700000, 0x0000000081800000, 0x0000000081800000|100%|HS|  |TAMS 0x0000000081700000| PB 0x0000000081700000| Complete 
|  24|0x0000000081800000, 0x0000000081900000, 0x0000000081900000|100%|HC|  |TAMS 0x0000000081800000| PB 0x0000000081800000| Complete 
|  25|0x0000000081900000, 0x0000000081a00000, 0x0000000081a00000|100%|HC|  |TAMS 0x0000000081900000| PB 0x0000000081900000| Complete 
|  26|0x0000000081a00000, 0x0000000081b00000, 0x0000000081b00000|100%|HC|  |TAMS 0x0000000081a00000| PB 0x0000000081a00000| Complete 
|  27|0x0000000081b00000, 0x0000000081c00000, 0x0000000081c00000|100%|HC|  |TAMS 0x0000000081b00000| PB 0x0000000081b00000| Complete 
|  28|0x0000000081c00000, 0x0000000081d00000, 0x0000000081d00000|100%|HC|  |TAMS 0x0000000081c00000| PB 0x0000000081c00000| Complete 
|  29|0x0000000081d00000, 0x0000000081e00000, 0x0000000081e00000|100%|HS|  |TAMS 0x0000000081d00000| PB 0x0000000081d00000| Complete 
|  30|0x0000000081e00000, 0x0000000081f00000, 0x0000000081f00000|100%|HS|  |TAMS 0x0000000081e00000| PB 0x0000000081e00000| Complete 
|  31|0x0000000081f00000, 0x0000000082000000, 0x0000000082000000|100%| O|  |TAMS 0x0000000081f00000| PB 0x0000000081f00000| Untracked 
|  32|0x0000000082000000, 0x0000000082100000, 0x0000000082100000|100%| O|  |TAMS 0x0000000082000000| PB 0x0000000082000000| Untracked 
|  33|0x0000000082100000, 0x0000000082200000, 0x0000000082200000|100%| O|  |TAMS 0x0000000082100000| PB 0x0000000082100000| Untracked 
|  34|0x0000000082200000, 0x0000000082300000, 0x0000000082300000|100%|HS|  |TAMS 0x0000000082200000| PB 0x0000000082200000| Complete 
|  35|0x0000000082300000, 0x0000000082400000, 0x0000000082400000|100%|HC|  |TAMS 0x0000000082300000| PB 0x0000000082300000| Complete 
|  36|0x0000000082400000, 0x0000000082500000, 0x0000000082500000|100%|HC|  |TAMS 0x0000000082400000| PB 0x0000000082400000| Complete 
|  37|0x0000000082500000, 0x0000000082600000, 0x0000000082600000|100%|HC|  |TAMS 0x0000000082500000| PB 0x0000000082500000| Complete 
|  38|0x0000000082600000, 0x0000000082700000, 0x0000000082700000|100%|HC|  |TAMS 0x0000000082600000| PB 0x0000000082600000| Complete 
|  39|0x0000000082700000, 0x0000000082800000, 0x0000000082800000|100%|HC|  |TAMS 0x0000000082700000| PB 0x0000000082700000| Complete 
|  40|0x0000000082800000, 0x0000000082900000, 0x0000000082900000|100%|HS|  |TAMS 0x0000000082800000| PB 0x0000000082800000| Complete 
|  41|0x0000000082900000, 0x0000000082a00000, 0x0000000082a00000|100%|HS|  |TAMS 0x0000000082900000| PB 0x0000000082900000| Complete 
|  42|0x0000000082a00000, 0x0000000082b00000, 0x0000000082b00000|100%| O|  |TAMS 0x0000000082a00000| PB 0x0000000082a00000| Untracked 
|  43|0x0000000082b00000, 0x0000000082c00000, 0x0000000082c00000|100%| O|  |TAMS 0x0000000082b00000| PB 0x0000000082b00000| Untracked 
|  44|0x0000000082c00000, 0x0000000082d00000, 0x0000000082d00000|100%| O|  |TAMS 0x0000000082c00000| PB 0x0000000082c00000| Untracked 
|  45|0x0000000082d00000, 0x0000000082e00000, 0x0000000082e00000|100%| O|  |TAMS 0x0000000082d00000| PB 0x0000000082d00000| Untracked 
|  46|0x0000000082e00000, 0x0000000082f00000, 0x0000000082f00000|100%| O|  |TAMS 0x0000000082e00000| PB 0x0000000082e00000| Untracked 
|  47|0x0000000082f00000, 0x0000000083000000, 0x0000000083000000|100%| O|  |TAMS 0x0000000082f00000| PB 0x0000000082f00000| Untracked 
|  48|0x0000000083000000, 0x0000000083100000, 0x0000000083100000|100%| O|  |TAMS 0x0000000083000000| PB 0x0000000083000000| Untracked 
|  49|0x0000000083100000, 0x0000000083200000, 0x0000000083200000|100%| O|  |TAMS 0x0000000083100000| PB 0x0000000083100000| Untracked 
|  50|0x0000000083200000, 0x0000000083300000, 0x0000000083300000|100%| O|  |TAMS 0x0000000083200000| PB 0x0000000083200000| Untracked 
|  51|0x0000000083300000, 0x0000000083400000, 0x0000000083400000|100%| O|  |TAMS 0x0000000083300000| PB 0x0000000083300000| Untracked 
|  52|0x0000000083400000, 0x0000000083500000, 0x0000000083500000|100%| O|  |TAMS 0x0000000083400000| PB 0x0000000083400000| Untracked 
|  53|0x0000000083500000, 0x0000000083600000, 0x0000000083600000|100%| O|  |TAMS 0x0000000083500000| PB 0x0000000083500000| Untracked 
|  54|0x0000000083600000, 0x0000000083700000, 0x0000000083700000|100%| O|  |TAMS 0x0000000083600000| PB 0x0000000083600000| Untracked 
|  55|0x0000000083700000, 0x0000000083800000, 0x0000000083800000|100%| O|  |TAMS 0x0000000083700000| PB 0x0000000083700000| Untracked 
|  56|0x0000000083800000, 0x0000000083900000, 0x0000000083900000|100%| O|  |TAMS 0x0000000083800000| PB 0x0000000083800000| Untracked 
|  57|0x0000000083900000, 0x0000000083a00000, 0x0000000083a00000|100%| O|  |TAMS 0x0000000083900000| PB 0x0000000083900000| Untracked 
|  58|0x0000000083a00000, 0x0000000083b00000, 0x0000000083b00000|100%| O|  |TAMS 0x0000000083a00000| PB 0x0000000083a00000| Untracked 
|  59|0x0000000083b00000, 0x0000000083c00000, 0x0000000083c00000|100%| O|  |TAMS 0x0000000083b00000| PB 0x0000000083b00000| Untracked 
|  60|0x0000000083c00000, 0x0000000083c00000, 0x0000000083d00000|  0%| F|  |TAMS 0x0000000083c00000| PB 0x0000000083c00000| Untracked 
|  61|0x0000000083d00000, 0x0000000083e00000, 0x0000000083e00000|100%| O|  |TAMS 0x0000000083d00000| PB 0x0000000083d00000| Untracked 
|  62|0x0000000083e00000, 0x0000000083f00000, 0x0000000083f00000|100%| O|  |TAMS 0x0000000083e00000| PB 0x0000000083e00000| Untracked 
|  63|0x0000000083f00000, 0x0000000084000000, 0x0000000084000000|100%| O|  |TAMS 0x0000000083f00000| PB 0x0000000083f00000| Untracked 
|  64|0x0000000084000000, 0x0000000084100000, 0x0000000084100000|100%| O|  |TAMS 0x0000000084000000| PB 0x0000000084000000| Untracked 
|  65|0x0000000084100000, 0x0000000084200000, 0x0000000084200000|100%| O|  |TAMS 0x0000000084100000| PB 0x0000000084100000| Untracked 
|  66|0x0000000084200000, 0x0000000084300000, 0x0000000084300000|100%| O|  |TAMS 0x0000000084200000| PB 0x0000000084200000| Untracked 
|  67|0x0000000084300000, 0x0000000084400000, 0x0000000084400000|100%| O|  |TAMS 0x0000000084300000| PB 0x0000000084300000| Untracked 
|  68|0x0000000084400000, 0x0000000084400000, 0x0000000084500000|  0%| F|  |TAMS 0x0000000084400000| PB 0x0000000084400000| Untracked 
|  69|0x0000000084500000, 0x0000000084600000, 0x0000000084600000|100%| O|  |TAMS 0x0000000084500000| PB 0x0000000084500000| Untracked 
|  70|0x0000000084600000, 0x0000000084700000, 0x0000000084700000|100%| O|  |TAMS 0x0000000084600000| PB 0x0000000084600000| Untracked 
|  71|0x0000000084700000, 0x0000000084800000, 0x0000000084800000|100%| O|  |TAMS 0x0000000084700000| PB 0x0000000084700000| Untracked 
|  72|0x0000000084800000, 0x0000000084900000, 0x0000000084900000|100%| O|  |TAMS 0x0000000084800000| PB 0x0000000084800000| Untracked 
|  73|0x0000000084900000, 0x0000000084a00000, 0x0000000084a00000|100%| O|  |TAMS 0x0000000084900000| PB 0x0000000084900000| Untracked 
|  74|0x0000000084a00000, 0x0000000084b00000, 0x0000000084b00000|100%| O|  |TAMS 0x0000000084a00000| PB 0x0000000084a00000| Untracked 
|  75|0x0000000084b00000, 0x0000000084c00000, 0x0000000084c00000|100%| O|  |TAMS 0x0000000084b00000| PB 0x0000000084b00000| Untracked 
|  76|0x0000000084c00000, 0x0000000084d00000, 0x0000000084d00000|100%|HS|  |TAMS 0x0000000084c00000| PB 0x0000000084c00000| Complete 
|  77|0x0000000084d00000, 0x0000000084e00000, 0x0000000084e00000|100%|HC|  |TAMS 0x0000000084d00000| PB 0x0000000084d00000| Complete 
|  78|0x0000000084e00000, 0x0000000084f00000, 0x0000000084f00000|100%| O|  |TAMS 0x0000000084e00000| PB 0x0000000084e00000| Untracked 
|  79|0x0000000084f00000, 0x0000000085000000, 0x0000000085000000|100%| O|  |TAMS 0x0000000084f00000| PB 0x0000000084f00000| Untracked 
|  80|0x0000000085000000, 0x0000000085100000, 0x0000000085100000|100%| O|  |TAMS 0x0000000085000000| PB 0x0000000085000000| Untracked 
|  81|0x0000000085100000, 0x0000000085200000, 0x0000000085200000|100%| O|  |TAMS 0x0000000085100000| PB 0x0000000085100000| Untracked 
|  82|0x0000000085200000, 0x0000000085300000, 0x0000000085300000|100%| O|  |TAMS 0x0000000085200000| PB 0x0000000085200000| Untracked 
|  83|0x0000000085300000, 0x0000000085300000, 0x0000000085400000|  0%| F|  |TAMS 0x0000000085300000| PB 0x0000000085300000| Untracked 
|  84|0x0000000085400000, 0x0000000085500000, 0x0000000085500000|100%| O|  |TAMS 0x0000000085400000| PB 0x0000000085400000| Untracked 
|  85|0x0000000085500000, 0x0000000085600000, 0x0000000085600000|100%| O|  |TAMS 0x0000000085500000| PB 0x0000000085500000| Untracked 
|  86|0x0000000085600000, 0x0000000085700000, 0x0000000085700000|100%| O|  |TAMS 0x0000000085600000| PB 0x0000000085600000| Untracked 
|  87|0x0000000085700000, 0x0000000085800000, 0x0000000085800000|100%| O|  |TAMS 0x0000000085700000| PB 0x0000000085700000| Untracked 
|  88|0x0000000085800000, 0x0000000085900000, 0x0000000085900000|100%| O|  |TAMS 0x0000000085800000| PB 0x0000000085800000| Untracked 
|  89|0x0000000085900000, 0x0000000085a00000, 0x0000000085a00000|100%| O|  |TAMS 0x0000000085900000| PB 0x0000000085900000| Untracked 
|  90|0x0000000085a00000, 0x0000000085b00000, 0x0000000085b00000|100%| O|  |TAMS 0x0000000085a00000| PB 0x0000000085a00000| Untracked 
|  91|0x0000000085b00000, 0x0000000085c00000, 0x0000000085c00000|100%| O|  |TAMS 0x0000000085b00000| PB 0x0000000085b00000| Untracked 
|  92|0x0000000085c00000, 0x0000000085c00000, 0x0000000085d00000|  0%| F|  |TAMS 0x0000000085c00000| PB 0x0000000085c00000| Untracked 
|  93|0x0000000085d00000, 0x0000000085e00000, 0x0000000085e00000|100%| O|  |TAMS 0x0000000085d00000| PB 0x0000000085d00000| Untracked 
|  94|0x0000000085e00000, 0x0000000085f00000, 0x0000000085f00000|100%| O|  |TAMS 0x0000000085e00000| PB 0x0000000085e00000| Untracked 
|  95|0x0000000085f00000, 0x0000000086000000, 0x0000000086000000|100%| O|  |TAMS 0x0000000085f00000| PB 0x0000000085f00000| Untracked 
|  96|0x0000000086000000, 0x0000000086100000, 0x0000000086100000|100%| O|  |TAMS 0x0000000086000000| PB 0x0000000086000000| Untracked 
|  97|0x0000000086100000, 0x0000000086200000, 0x0000000086200000|100%| O|  |TAMS 0x0000000086100000| PB 0x0000000086100000| Untracked 
|  98|0x0000000086200000, 0x0000000086300000, 0x0000000086300000|100%| O|  |TAMS 0x0000000086200000| PB 0x0000000086200000| Untracked 
|  99|0x0000000086300000, 0x0000000086400000, 0x0000000086400000|100%| O|  |TAMS 0x0000000086300000| PB 0x0000000086300000| Untracked 
| 100|0x0000000086400000, 0x0000000086500000, 0x0000000086500000|100%| O|  |TAMS 0x0000000086400000| PB 0x0000000086400000| Untracked 
| 101|0x0000000086500000, 0x0000000086600000, 0x0000000086600000|100%| O|  |TAMS 0x0000000086500000| PB 0x0000000086500000| Untracked 
| 102|0x0000000086600000, 0x0000000086700000, 0x0000000086700000|100%| O|  |TAMS 0x0000000086600000| PB 0x0000000086600000| Untracked 
| 103|0x0000000086700000, 0x0000000086800000, 0x0000000086800000|100%| O|  |TAMS 0x0000000086700000| PB 0x0000000086700000| Untracked 
| 104|0x0000000086800000, 0x0000000086900000, 0x0000000086900000|100%| O|  |TAMS 0x0000000086800000| PB 0x0000000086800000| Untracked 
| 105|0x0000000086900000, 0x0000000086a00000, 0x0000000086a00000|100%| O|  |TAMS 0x0000000086900000| PB 0x0000000086900000| Untracked 
| 106|0x0000000086a00000, 0x0000000086b00000, 0x0000000086b00000|100%| O|  |TAMS 0x0000000086a00000| PB 0x0000000086a00000| Untracked 
| 107|0x0000000086b00000, 0x0000000086c00000, 0x0000000086c00000|100%| O|  |TAMS 0x0000000086b00000| PB 0x0000000086b00000| Untracked 
| 108|0x0000000086c00000, 0x0000000086d00000, 0x0000000086d00000|100%| O|  |TAMS 0x0000000086c00000| PB 0x0000000086c00000| Untracked 
| 109|0x0000000086d00000, 0x0000000086d00000, 0x0000000086e00000|  0%| F|  |TAMS 0x0000000086d00000| PB 0x0000000086d00000| Untracked 
| 110|0x0000000086e00000, 0x0000000086f00000, 0x0000000086f00000|100%| S|CS|TAMS 0x0000000086e00000| PB 0x0000000086e00000| Complete 
| 111|0x0000000086f00000, 0x0000000087000000, 0x0000000087000000|100%| S|CS|TAMS 0x0000000086f00000| PB 0x0000000086f00000| Complete 
| 112|0x0000000087000000, 0x0000000087100000, 0x0000000087100000|100%| S|CS|TAMS 0x0000000087000000| PB 0x0000000087000000| Complete 
| 113|0x0000000087100000, 0x0000000087200000, 0x0000000087200000|100%| S|CS|TAMS 0x0000000087100000| PB 0x0000000087100000| Complete 
| 114|0x0000000087200000, 0x0000000087300000, 0x0000000087300000|100%| S|CS|TAMS 0x0000000087200000| PB 0x0000000087200000| Complete 
| 115|0x0000000087300000, 0x0000000087400000, 0x0000000087400000|100%| S|CS|TAMS 0x0000000087300000| PB 0x0000000087300000| Complete 
| 116|0x0000000087400000, 0x0000000087400000, 0x0000000087500000|  0%| F|  |TAMS 0x0000000087400000| PB 0x0000000087400000| Untracked 
| 117|0x0000000087500000, 0x0000000087500000, 0x0000000087600000|  0%| F|  |TAMS 0x0000000087500000| PB 0x0000000087500000| Untracked 
| 118|0x0000000087600000, 0x0000000087600000, 0x0000000087700000|  0%| F|  |TAMS 0x0000000087600000| PB 0x0000000087600000| Untracked 
| 119|0x0000000087700000, 0x0000000087700000, 0x0000000087800000|  0%| F|  |TAMS 0x0000000087700000| PB 0x0000000087700000| Untracked 
| 120|0x0000000087800000, 0x0000000087800000, 0x0000000087900000|  0%| F|  |TAMS 0x0000000087800000| PB 0x0000000087800000| Untracked 
| 121|0x0000000087900000, 0x0000000087900000, 0x0000000087a00000|  0%| F|  |TAMS 0x0000000087900000| PB 0x0000000087900000| Untracked 
| 122|0x0000000087a00000, 0x0000000087a00000, 0x0000000087b00000|  0%| F|  |TAMS 0x0000000087a00000| PB 0x0000000087a00000| Untracked 
| 123|0x0000000087b00000, 0x0000000087b00000, 0x0000000087c00000|  0%| F|  |TAMS 0x0000000087b00000| PB 0x0000000087b00000| Untracked 
| 124|0x0000000087c00000, 0x0000000087c00000, 0x0000000087d00000|  0%| F|  |TAMS 0x0000000087c00000| PB 0x0000000087c00000| Untracked 
| 125|0x0000000087d00000, 0x0000000087d00000, 0x0000000087e00000|  0%| F|  |TAMS 0x0000000087d00000| PB 0x0000000087d00000| Untracked 
| 126|0x0000000087e00000, 0x0000000087e00000, 0x0000000087f00000|  0%| F|  |TAMS 0x0000000087e00000| PB 0x0000000087e00000| Untracked 
| 127|0x0000000087f00000, 0x0000000087f00000, 0x0000000088000000|  0%| F|  |TAMS 0x0000000087f00000| PB 0x0000000087f00000| Untracked 
| 128|0x0000000088000000, 0x0000000088000000, 0x0000000088100000|  0%| F|  |TAMS 0x0000000088000000| PB 0x0000000088000000| Untracked 
| 129|0x0000000088100000, 0x0000000088100000, 0x0000000088200000|  0%| F|  |TAMS 0x0000000088100000| PB 0x0000000088100000| Untracked 
| 130|0x0000000088200000, 0x0000000088200000, 0x0000000088300000|  0%| F|  |TAMS 0x0000000088200000| PB 0x0000000088200000| Untracked 
| 131|0x0000000088300000, 0x0000000088300000, 0x0000000088400000|  0%| F|  |TAMS 0x0000000088300000| PB 0x0000000088300000| Untracked 
| 132|0x0000000088400000, 0x0000000088400000, 0x0000000088500000|  0%| F|  |TAMS 0x0000000088400000| PB 0x0000000088400000| Untracked 
| 133|0x0000000088500000, 0x0000000088500000, 0x0000000088600000|  0%| F|  |TAMS 0x0000000088500000| PB 0x0000000088500000| Untracked 
| 134|0x0000000088600000, 0x0000000088600000, 0x0000000088700000|  0%| F|  |TAMS 0x0000000088600000| PB 0x0000000088600000| Untracked 
| 135|0x0000000088700000, 0x0000000088700000, 0x0000000088800000|  0%| F|  |TAMS 0x0000000088700000| PB 0x0000000088700000| Untracked 
| 136|0x0000000088800000, 0x0000000088800000, 0x0000000088900000|  0%| F|  |TAMS 0x0000000088800000| PB 0x0000000088800000| Untracked 
| 137|0x0000000088900000, 0x0000000088900000, 0x0000000088a00000|  0%| F|  |TAMS 0x0000000088900000| PB 0x0000000088900000| Untracked 
| 138|0x0000000088a00000, 0x0000000088a00000, 0x0000000088b00000|  0%| F|  |TAMS 0x0000000088a00000| PB 0x0000000088a00000| Untracked 
| 139|0x0000000088b00000, 0x0000000088b00000, 0x0000000088c00000|  0%| F|  |TAMS 0x0000000088b00000| PB 0x0000000088b00000| Untracked 
| 140|0x0000000088c00000, 0x0000000088c00000, 0x0000000088d00000|  0%| F|  |TAMS 0x0000000088c00000| PB 0x0000000088c00000| Untracked 
| 141|0x0000000088d00000, 0x0000000088d00000, 0x0000000088e00000|  0%| F|  |TAMS 0x0000000088d00000| PB 0x0000000088d00000| Untracked 
| 142|0x0000000088e00000, 0x0000000088e00000, 0x0000000088f00000|  0%| F|  |TAMS 0x0000000088e00000| PB 0x0000000088e00000| Untracked 
| 143|0x0000000088f00000, 0x0000000088f00000, 0x0000000089000000|  0%| F|  |TAMS 0x0000000088f00000| PB 0x0000000088f00000| Untracked 
| 144|0x0000000089000000, 0x0000000089000000, 0x0000000089100000|  0%| F|  |TAMS 0x0000000089000000| PB 0x0000000089000000| Untracked 
| 145|0x0000000089100000, 0x0000000089100000, 0x0000000089200000|  0%| F|  |TAMS 0x0000000089100000| PB 0x0000000089100000| Untracked 
| 146|0x0000000089200000, 0x0000000089200000, 0x0000000089300000|  0%| F|  |TAMS 0x0000000089200000| PB 0x0000000089200000| Untracked 
| 147|0x0000000089300000, 0x0000000089300000, 0x0000000089400000|  0%| F|  |TAMS 0x0000000089300000| PB 0x0000000089300000| Untracked 
| 148|0x0000000089400000, 0x0000000089400000, 0x0000000089500000|  0%| F|  |TAMS 0x0000000089400000| PB 0x0000000089400000| Untracked 
| 149|0x0000000089500000, 0x0000000089500000, 0x0000000089600000|  0%| F|  |TAMS 0x0000000089500000| PB 0x0000000089500000| Untracked 
| 150|0x0000000089600000, 0x0000000089600000, 0x0000000089700000|  0%| F|  |TAMS 0x0000000089600000| PB 0x0000000089600000| Untracked 
| 151|0x0000000089700000, 0x0000000089700000, 0x0000000089800000|  0%| F|  |TAMS 0x0000000089700000| PB 0x0000000089700000| Untracked 
| 152|0x0000000089800000, 0x0000000089800000, 0x0000000089900000|  0%| F|  |TAMS 0x0000000089800000| PB 0x0000000089800000| Untracked 
| 153|0x0000000089900000, 0x0000000089900000, 0x0000000089a00000|  0%| F|  |TAMS 0x0000000089900000| PB 0x0000000089900000| Untracked 
| 154|0x0000000089a00000, 0x0000000089a00000, 0x0000000089b00000|  0%| F|  |TAMS 0x0000000089a00000| PB 0x0000000089a00000| Untracked 
| 155|0x0000000089b00000, 0x0000000089b00000, 0x0000000089c00000|  0%| F|  |TAMS 0x0000000089b00000| PB 0x0000000089b00000| Untracked 
| 156|0x0000000089c00000, 0x0000000089c00000, 0x0000000089d00000|  0%| F|  |TAMS 0x0000000089c00000| PB 0x0000000089c00000| Untracked 
| 157|0x0000000089d00000, 0x0000000089d00000, 0x0000000089e00000|  0%| F|  |TAMS 0x0000000089d00000| PB 0x0000000089d00000| Untracked 
| 158|0x0000000089e00000, 0x0000000089e00000, 0x0000000089f00000|  0%| F|  |TAMS 0x0000000089e00000| PB 0x0000000089e00000| Untracked 
| 159|0x0000000089f00000, 0x0000000089f00000, 0x000000008a000000|  0%| F|  |TAMS 0x0000000089f00000| PB 0x0000000089f00000| Untracked 
| 160|0x000000008a000000, 0x000000008a000000, 0x000000008a100000|  0%| F|  |TAMS 0x000000008a000000| PB 0x000000008a000000| Untracked 
| 161|0x000000008a100000, 0x000000008a100000, 0x000000008a200000|  0%| F|  |TAMS 0x000000008a100000| PB 0x000000008a100000| Untracked 
| 162|0x000000008a200000, 0x000000008a200000, 0x000000008a300000|  0%| F|  |TAMS 0x000000008a200000| PB 0x000000008a200000| Untracked 
| 163|0x000000008a300000, 0x000000008a300000, 0x000000008a400000|  0%| F|  |TAMS 0x000000008a300000| PB 0x000000008a300000| Untracked 
| 164|0x000000008a400000, 0x000000008a400000, 0x000000008a500000|  0%| F|  |TAMS 0x000000008a400000| PB 0x000000008a400000| Untracked 
| 165|0x000000008a500000, 0x000000008a500000, 0x000000008a600000|  0%| F|  |TAMS 0x000000008a500000| PB 0x000000008a500000| Untracked 
| 166|0x000000008a600000, 0x000000008a600000, 0x000000008a700000|  0%| F|  |TAMS 0x000000008a600000| PB 0x000000008a600000| Untracked 
| 167|0x000000008a700000, 0x000000008a700000, 0x000000008a800000|  0%| F|  |TAMS 0x000000008a700000| PB 0x000000008a700000| Untracked 
| 168|0x000000008a800000, 0x000000008a800000, 0x000000008a900000|  0%| F|  |TAMS 0x000000008a800000| PB 0x000000008a800000| Untracked 
| 169|0x000000008a900000, 0x000000008a900000, 0x000000008aa00000|  0%| F|  |TAMS 0x000000008a900000| PB 0x000000008a900000| Untracked 
| 170|0x000000008aa00000, 0x000000008aa00000, 0x000000008ab00000|  0%| F|  |TAMS 0x000000008aa00000| PB 0x000000008aa00000| Untracked 
| 171|0x000000008ab00000, 0x000000008ab00000, 0x000000008ac00000|  0%| F|  |TAMS 0x000000008ab00000| PB 0x000000008ab00000| Untracked 
| 172|0x000000008ac00000, 0x000000008ac00000, 0x000000008ad00000|  0%| F|  |TAMS 0x000000008ac00000| PB 0x000000008ac00000| Untracked 
| 173|0x000000008ad00000, 0x000000008ad00000, 0x000000008ae00000|  0%| F|  |TAMS 0x000000008ad00000| PB 0x000000008ad00000| Untracked 
| 174|0x000000008ae00000, 0x000000008ae00000, 0x000000008af00000|  0%| F|  |TAMS 0x000000008ae00000| PB 0x000000008ae00000| Untracked 
| 175|0x000000008af00000, 0x000000008af00000, 0x000000008b000000|  0%| F|  |TAMS 0x000000008af00000| PB 0x000000008af00000| Untracked 
| 176|0x000000008b000000, 0x000000008b000000, 0x000000008b100000|  0%| F|  |TAMS 0x000000008b000000| PB 0x000000008b000000| Untracked 
| 177|0x000000008b100000, 0x000000008b100000, 0x000000008b200000|  0%| F|  |TAMS 0x000000008b100000| PB 0x000000008b100000| Untracked 
| 178|0x000000008b200000, 0x000000008b200000, 0x000000008b300000|  0%| F|  |TAMS 0x000000008b200000| PB 0x000000008b200000| Untracked 
| 179|0x000000008b300000, 0x000000008b300000, 0x000000008b400000|  0%| F|  |TAMS 0x000000008b300000| PB 0x000000008b300000| Untracked 
| 180|0x000000008b400000, 0x000000008b400000, 0x000000008b500000|  0%| F|  |TAMS 0x000000008b400000| PB 0x000000008b400000| Untracked 
| 181|0x000000008b500000, 0x000000008b500000, 0x000000008b600000|  0%| F|  |TAMS 0x000000008b500000| PB 0x000000008b500000| Untracked 
| 182|0x000000008b600000, 0x000000008b600000, 0x000000008b700000|  0%| F|  |TAMS 0x000000008b600000| PB 0x000000008b600000| Untracked 
| 183|0x000000008b700000, 0x000000008b700000, 0x000000008b800000|  0%| F|  |TAMS 0x000000008b700000| PB 0x000000008b700000| Untracked 
| 184|0x000000008b800000, 0x000000008b800000, 0x000000008b900000|  0%| F|  |TAMS 0x000000008b800000| PB 0x000000008b800000| Untracked 
| 185|0x000000008b900000, 0x000000008b900000, 0x000000008ba00000|  0%| F|  |TAMS 0x000000008b900000| PB 0x000000008b900000| Untracked 
| 186|0x000000008ba00000, 0x000000008ba00000, 0x000000008bb00000|  0%| F|  |TAMS 0x000000008ba00000| PB 0x000000008ba00000| Untracked 
| 187|0x000000008bb00000, 0x000000008bb00000, 0x000000008bc00000|  0%| F|  |TAMS 0x000000008bb00000| PB 0x000000008bb00000| Untracked 
| 188|0x000000008bc00000, 0x000000008bc00000, 0x000000008bd00000|  0%| F|  |TAMS 0x000000008bc00000| PB 0x000000008bc00000| Untracked 
| 189|0x000000008bd00000, 0x000000008bd00000, 0x000000008be00000|  0%| F|  |TAMS 0x000000008bd00000| PB 0x000000008bd00000| Untracked 
| 190|0x000000008be00000, 0x000000008be00000, 0x000000008bf00000|  0%| F|  |TAMS 0x000000008be00000| PB 0x000000008be00000| Untracked 
| 191|0x000000008bf00000, 0x000000008bf00000, 0x000000008c000000|  0%| F|  |TAMS 0x000000008bf00000| PB 0x000000008bf00000| Untracked 
| 192|0x000000008c000000, 0x000000008c000000, 0x000000008c100000|  0%| F|  |TAMS 0x000000008c000000| PB 0x000000008c000000| Untracked 
| 193|0x000000008c100000, 0x000000008c100000, 0x000000008c200000|  0%| F|  |TAMS 0x000000008c100000| PB 0x000000008c100000| Untracked 
| 194|0x000000008c200000, 0x000000008c200000, 0x000000008c300000|  0%| F|  |TAMS 0x000000008c200000| PB 0x000000008c200000| Untracked 
| 195|0x000000008c300000, 0x000000008c300000, 0x000000008c400000|  0%| F|  |TAMS 0x000000008c300000| PB 0x000000008c300000| Untracked 
| 196|0x000000008c400000, 0x000000008c400000, 0x000000008c500000|  0%| F|  |TAMS 0x000000008c400000| PB 0x000000008c400000| Untracked 
| 197|0x000000008c500000, 0x000000008c500000, 0x000000008c600000|  0%| F|  |TAMS 0x000000008c500000| PB 0x000000008c500000| Untracked 
| 198|0x000000008c600000, 0x000000008c600000, 0x000000008c700000|  0%| F|  |TAMS 0x000000008c600000| PB 0x000000008c600000| Untracked 
| 199|0x000000008c700000, 0x000000008c700000, 0x000000008c800000|  0%| F|  |TAMS 0x000000008c700000| PB 0x000000008c700000| Untracked 
| 200|0x000000008c800000, 0x000000008c800000, 0x000000008c900000|  0%| F|  |TAMS 0x000000008c800000| PB 0x000000008c800000| Untracked 
| 201|0x000000008c900000, 0x000000008c900000, 0x000000008ca00000|  0%| F|  |TAMS 0x000000008c900000| PB 0x000000008c900000| Untracked 
| 202|0x000000008ca00000, 0x000000008ca00000, 0x000000008cb00000|  0%| F|  |TAMS 0x000000008ca00000| PB 0x000000008ca00000| Untracked 
| 203|0x000000008cb00000, 0x000000008cb00000, 0x000000008cc00000|  0%| F|  |TAMS 0x000000008cb00000| PB 0x000000008cb00000| Untracked 
| 204|0x000000008cc00000, 0x000000008cc00000, 0x000000008cd00000|  0%| F|  |TAMS 0x000000008cc00000| PB 0x000000008cc00000| Untracked 
| 205|0x000000008cd00000, 0x000000008cd00000, 0x000000008ce00000|  0%| F|  |TAMS 0x000000008cd00000| PB 0x000000008cd00000| Untracked 
| 206|0x000000008ce00000, 0x000000008ce00000, 0x000000008cf00000|  0%| F|  |TAMS 0x000000008ce00000| PB 0x000000008ce00000| Untracked 
| 207|0x000000008cf00000, 0x000000008cf00000, 0x000000008d000000|  0%| F|  |TAMS 0x000000008cf00000| PB 0x000000008cf00000| Untracked 
| 208|0x000000008d000000, 0x000000008d000000, 0x000000008d100000|  0%| F|  |TAMS 0x000000008d000000| PB 0x000000008d000000| Untracked 
| 209|0x000000008d100000, 0x000000008d100000, 0x000000008d200000|  0%| F|  |TAMS 0x000000008d100000| PB 0x000000008d100000| Untracked 
| 210|0x000000008d200000, 0x000000008d200000, 0x000000008d300000|  0%| F|  |TAMS 0x000000008d200000| PB 0x000000008d200000| Untracked 
| 211|0x000000008d300000, 0x000000008d300000, 0x000000008d400000|  0%| F|  |TAMS 0x000000008d300000| PB 0x000000008d300000| Untracked 
| 212|0x000000008d400000, 0x000000008d400000, 0x000000008d500000|  0%| F|  |TAMS 0x000000008d400000| PB 0x000000008d400000| Untracked 
| 213|0x000000008d500000, 0x000000008d500000, 0x000000008d600000|  0%| F|  |TAMS 0x000000008d500000| PB 0x000000008d500000| Untracked 
| 214|0x000000008d600000, 0x000000008d600000, 0x000000008d700000|  0%| F|  |TAMS 0x000000008d600000| PB 0x000000008d600000| Untracked 
| 215|0x000000008d700000, 0x000000008d700000, 0x000000008d800000|  0%| F|  |TAMS 0x000000008d700000| PB 0x000000008d700000| Untracked 
| 216|0x000000008d800000, 0x000000008d800000, 0x000000008d900000|  0%| F|  |TAMS 0x000000008d800000| PB 0x000000008d800000| Untracked 
| 217|0x000000008d900000, 0x000000008d900000, 0x000000008da00000|  0%| F|  |TAMS 0x000000008d900000| PB 0x000000008d900000| Untracked 
| 218|0x000000008da00000, 0x000000008da00000, 0x000000008db00000|  0%| F|  |TAMS 0x000000008da00000| PB 0x000000008da00000| Untracked 
| 219|0x000000008db00000, 0x000000008db00000, 0x000000008dc00000|  0%| F|  |TAMS 0x000000008db00000| PB 0x000000008db00000| Untracked 
| 220|0x000000008dc00000, 0x000000008dc00000, 0x000000008dd00000|  0%| F|  |TAMS 0x000000008dc00000| PB 0x000000008dc00000| Untracked 
| 221|0x000000008dd00000, 0x000000008dd00000, 0x000000008de00000|  0%| F|  |TAMS 0x000000008dd00000| PB 0x000000008dd00000| Untracked 
| 222|0x000000008de00000, 0x000000008de00000, 0x000000008df00000|  0%| F|  |TAMS 0x000000008de00000| PB 0x000000008de00000| Untracked 
| 223|0x000000008df00000, 0x000000008df00000, 0x000000008e000000|  0%| F|  |TAMS 0x000000008df00000| PB 0x000000008df00000| Untracked 
| 224|0x000000008e000000, 0x000000008e000000, 0x000000008e100000|  0%| F|  |TAMS 0x000000008e000000| PB 0x000000008e000000| Untracked 
| 225|0x000000008e100000, 0x000000008e100000, 0x000000008e200000|  0%| F|  |TAMS 0x000000008e100000| PB 0x000000008e100000| Untracked 
| 226|0x000000008e200000, 0x000000008e200000, 0x000000008e300000|  0%| F|  |TAMS 0x000000008e200000| PB 0x000000008e200000| Untracked 
| 227|0x000000008e300000, 0x000000008e300000, 0x000000008e400000|  0%| F|  |TAMS 0x000000008e300000| PB 0x000000008e300000| Untracked 
| 228|0x000000008e400000, 0x000000008e400000, 0x000000008e500000|  0%| F|  |TAMS 0x000000008e400000| PB 0x000000008e400000| Untracked 
| 229|0x000000008e500000, 0x000000008e500000, 0x000000008e600000|  0%| F|  |TAMS 0x000000008e500000| PB 0x000000008e500000| Untracked 
| 230|0x000000008e600000, 0x000000008e600000, 0x000000008e700000|  0%| F|  |TAMS 0x000000008e600000| PB 0x000000008e600000| Untracked 
| 231|0x000000008e700000, 0x000000008e700000, 0x000000008e800000|  0%| F|  |TAMS 0x000000008e700000| PB 0x000000008e700000| Untracked 
| 232|0x000000008e800000, 0x000000008e800000, 0x000000008e900000|  0%| F|  |TAMS 0x000000008e800000| PB 0x000000008e800000| Untracked 
| 233|0x000000008e900000, 0x000000008e900000, 0x000000008ea00000|  0%| F|  |TAMS 0x000000008e900000| PB 0x000000008e900000| Untracked 
| 234|0x000000008ea00000, 0x000000008ea00000, 0x000000008eb00000|  0%| F|  |TAMS 0x000000008ea00000| PB 0x000000008ea00000| Untracked 
| 235|0x000000008eb00000, 0x000000008eb00000, 0x000000008ec00000|  0%| F|  |TAMS 0x000000008eb00000| PB 0x000000008eb00000| Untracked 
| 236|0x000000008ec00000, 0x000000008ec00000, 0x000000008ed00000|  0%| F|  |TAMS 0x000000008ec00000| PB 0x000000008ec00000| Untracked 
| 237|0x000000008ed00000, 0x000000008ed00000, 0x000000008ee00000|  0%| F|  |TAMS 0x000000008ed00000| PB 0x000000008ed00000| Untracked 
| 238|0x000000008ee00000, 0x000000008ee00000, 0x000000008ef00000|  0%| F|  |TAMS 0x000000008ee00000| PB 0x000000008ee00000| Untracked 
| 239|0x000000008ef00000, 0x000000008ef00000, 0x000000008f000000|  0%| F|  |TAMS 0x000000008ef00000| PB 0x000000008ef00000| Untracked 
| 240|0x000000008f000000, 0x000000008f100000, 0x000000008f100000|100%| S|CS|TAMS 0x000000008f000000| PB 0x000000008f000000| Complete 
| 241|0x000000008f100000, 0x000000008f200000, 0x000000008f200000|100%| S|CS|TAMS 0x000000008f100000| PB 0x000000008f100000| Complete 
| 242|0x000000008f200000, 0x000000008f283b00, 0x000000008f300000| 51%| S|CS|TAMS 0x000000008f200000| PB 0x000000008f200000| Complete 
|2032|0x00000000ff000000, 0x00000000ff072a70, 0x00000000ff100000| 44%| O|  |TAMS 0x00000000ff000000| PB 0x00000000ff000000| Untracked 
|2033|0x00000000ff100000, 0x00000000ff200000, 0x00000000ff200000|100%| O|  |TAMS 0x00000000ff100000| PB 0x00000000ff100000| Untracked 
|2034|0x00000000ff200000, 0x00000000ff200000, 0x00000000ff300000|  0%| F|  |TAMS 0x00000000ff200000| PB 0x00000000ff200000| Untracked 
|2035|0x00000000ff300000, 0x00000000ff400000, 0x00000000ff400000|100%| O|  |TAMS 0x00000000ff300000| PB 0x00000000ff300000| Untracked 
|2036|0x00000000ff400000, 0x00000000ff500000, 0x00000000ff500000|100%| O|  |TAMS 0x00000000ff400000| PB 0x00000000ff400000| Untracked 
|2037|0x00000000ff500000, 0x00000000ff600000, 0x00000000ff600000|100%| O|  |TAMS 0x00000000ff500000| PB 0x00000000ff500000| Untracked 
|2038|0x00000000ff600000, 0x00000000ff700000, 0x00000000ff700000|100%| O|  |TAMS 0x00000000ff600000| PB 0x00000000ff600000| Untracked 
|2039|0x00000000ff700000, 0x00000000ff800000, 0x00000000ff800000|100%| O|  |TAMS 0x00000000ff700000| PB 0x00000000ff700000| Untracked 
|2040|0x00000000ff800000, 0x00000000ff900000, 0x00000000ff900000|100%| O|  |TAMS 0x00000000ff800000| PB 0x00000000ff800000| Untracked 
|2041|0x00000000ff900000, 0x00000000ffa00000, 0x00000000ffa00000|100%| O|  |TAMS 0x00000000ff900000| PB 0x00000000ff900000| Untracked 
|2042|0x00000000ffa00000, 0x00000000ffb00000, 0x00000000ffb00000|100%| O|  |TAMS 0x00000000ffa00000| PB 0x00000000ffa00000| Untracked 
|2043|0x00000000ffb00000, 0x00000000ffc00000, 0x00000000ffc00000|100%| O|  |TAMS 0x00000000ffb00000| PB 0x00000000ffb00000| Untracked 
|2044|0x00000000ffc00000, 0x00000000ffd00000, 0x00000000ffd00000|100%| O|  |TAMS 0x00000000ffc00000| PB 0x00000000ffc00000| Untracked 
|2045|0x00000000ffd00000, 0x00000000ffe00000, 0x00000000ffe00000|100%| O|  |TAMS 0x00000000ffd00000| PB 0x00000000ffd00000| Untracked 
|2046|0x00000000ffe00000, 0x00000000ffe00000, 0x00000000fff00000|  0%| F|  |TAMS 0x00000000ffe00000| PB 0x00000000ffe00000| Untracked 
|2047|0x00000000fff00000, 0x0000000100000000, 0x0000000100000000|100%| O|  |TAMS 0x00000000fff00000| PB 0x00000000fff00000| Untracked 

Card table byte_map: [0x0000020820d90000,0x0000020821190000] _byte_map_base: 0x0000020820990000

Marking Bits: (CMBitMap*) 0x000002080e32b880
 Bits: [0x0000020821190000, 0x0000020823190000)

Polling page: 0x000002080c120000

Metaspace:

Usage:
  Non-class:     76.35 MB used.
      Class:     12.42 MB used.
       Both:     88.77 MB used.

Virtual space:
  Non-class space:      128.00 MB reserved,      77.38 MB ( 60%) committed,  2 nodes.
      Class space:        1.00 GB reserved,      13.38 MB (  1%) committed,  1 nodes.
             Both:        1.12 GB reserved,      90.75 MB (  8%) committed. 

Chunk freelists:
   Non-Class:  2.22 MB
       Class:  2.45 MB
        Both:  4.67 MB

MaxMetaspaceSize: unlimited
CompressedClassSpaceSize: 1.00 GB
Initial GC threshold: 21.00 MB
Current GC threshold: 151.25 MB
CDS: off
 - commit_granule_bytes: 65536.
 - commit_granule_words: 8192.
 - virtual_space_node_default_size: 8388608.
 - enlarge_chunks_in_place: 1.
 - use_allocation_guard: 0.


Internal statistics:

num_allocs_failed_limit: 6.
num_arena_births: 3796.
num_arena_deaths: 10.
num_vsnodes_births: 3.
num_vsnodes_deaths: 0.
num_space_committed: 1452.
num_space_uncommitted: 0.
num_chunks_returned_to_freelist: 22.
num_chunks_taken_from_freelist: 7509.
num_chunk_merges: 3.
num_chunk_splits: 4879.
num_chunks_enlarged: 3020.
num_inconsistent_stats: 0.

CodeHeap 'non-profiled nmethods': size=120000Kb used=6302Kb max_used=6807Kb free=113697Kb
 bounds [0x0000020818f00000, 0x00000208195b0000, 0x0000020820430000]
CodeHeap 'profiled nmethods': size=120000Kb used=17979Kb max_used=19805Kb free=102020Kb
 bounds [0x0000020811430000, 0x0000020812790000, 0x0000020818960000]
CodeHeap 'non-nmethods': size=5760Kb used=1982Kb max_used=2017Kb free=3777Kb
 bounds [0x0000020818960000, 0x0000020818bd0000, 0x0000020818f00000]
CodeCache: size=245760Kb, used=26263Kb, max_used=28629Kb, free=219494Kb
 total_blobs=11207, nmethods=10344, adapters=766, full_count=0
Compilation: enabled, stopped_count=0, restarted_count=0

Compilation events (20 events):
Event: 98.442 Thread 0x000002082a0864c0 nmethod 13112 0x0000020811e2ba90 code [0x0000020811e2bd20, 0x0000020811e2c860]
Event: 98.457 Thread 0x000002082a0864c0 13113   !   3       com.google.common.collect.MapMakerInternalMap$Segment::runLockedCleanup (34 bytes)
Event: 98.457 Thread 0x000002082a0864c0 nmethod 13113 0x00000208115b4210 code [0x00000208115b4440, 0x00000208115b4ca0]
Event: 98.465 Thread 0x000002082a0864c0 13114       3       java.nio.file.Path::of (9 bytes)
Event: 98.466 Thread 0x000002082a0864c0 nmethod 13114 0x0000020811a7d290 code [0x0000020811a7d460, 0x0000020811a7d800]
Event: 98.466 Thread 0x000002082a0864c0 13116   !   3       com.google.common.collect.MapMakerInternalMap$Segment::put (298 bytes)
Event: 98.471 Thread 0x000002082a0864c0 nmethod 13116 0x0000020812383710 code [0x0000020812383dc0, 0x00000208123879e8]
Event: 98.471 Thread 0x000002082a0864c0 13117       3       org.gradle.internal.time.DefaultCountdownTimer::hasExpired (15 bytes)
Event: 98.472 Thread 0x000002082a0864c0 nmethod 13117 0x0000020811a76790 code [0x0000020811a76960, 0x0000020811a76ca8]
Event: 98.472 Thread 0x000002082a0864c0 13115       3       org.gradle.internal.snapshot.AbstractListChildMap::stream (10 bytes)
Event: 98.472 Thread 0x000002082a0864c0 nmethod 13115 0x0000020811f99c90 code [0x0000020811f99e40, 0x0000020811f9a010]
Event: 98.479 Thread 0x000002082a082ea0 13118       4       sun.security.provider.DigestBase::engineDigest (112 bytes)
Event: 98.484 Thread 0x000002082a0864c0 13119   !   3       org.gradle.internal.resources.DefaultResourceLockCoordinationService::getCurrent (33 bytes)
Event: 98.485 Thread 0x000002082a0864c0 nmethod 13119 0x0000020811c55490 code [0x0000020811c55640, 0x0000020811c558f8]
Event: 98.509 Thread 0x000002082a0864c0 13120       3       org.gradle.internal.snapshot.SnapshotHierarchy::findSnapshot (38 bytes)
Event: 98.512 Thread 0x000002082a0864c0 nmethod 13120 0x00000208119ef390 code [0x00000208119ef700, 0x00000208119f0cc8]
Event: 98.520 Thread 0x000002082a082ea0 nmethod 13118 0x0000020819160190 code [0x00000208191603a0, 0x00000208191610f8]
Event: 98.521 Thread 0x000002082a0864c0 13121       3       sun.nio.fs.NativeBuffer$Deallocator::<init> (10 bytes)
Event: 98.521 Thread 0x000002082a0864c0 nmethod 13121 0x0000020811c73490 code [0x0000020811c73640, 0x0000020811c737a8]
Event: 98.527 Thread 0x000002082a082ea0 13122 % !   4       org.gradle.internal.classpath.ClasspathWalker::visitJarContents @ 13 (107 bytes)

GC Heap History (20 events):
Event: 96.316 GC heap after
{Heap after GC invocations=51 (full 0):
 garbage-first heap   total 184320K, used 104489K [0x0000000080000000, 0x0000000100000000)
  region size 1024K, 5 young (5120K), 5 survivors (5120K)
 Metaspace       used 90871K, committed 92928K, reserved 1179648K
  class space    used 12729K, committed 13696K, reserved 1048576K
}
Event: 96.694 GC heap before
{Heap before GC invocations=52 (full 0):
 garbage-first heap   total 184320K, used 173097K [0x0000000080000000, 0x0000000100000000)
  region size 1024K, 70 young (71680K), 5 survivors (5120K)
 Metaspace       used 90832K, committed 92928K, reserved 1179648K
  class space    used 12718K, committed 13696K, reserved 1048576K
}
Event: 96.700 GC heap after
{Heap after GC invocations=53 (full 0):
 garbage-first heap   total 184320K, used 109027K [0x0000000080000000, 0x0000000100000000)
  region size 1024K, 6 young (6144K), 6 survivors (6144K)
 Metaspace       used 90832K, committed 92928K, reserved 1179648K
  class space    used 12718K, committed 13696K, reserved 1048576K
}
Event: 96.880 GC heap before
{Heap before GC invocations=53 (full 0):
 garbage-first heap   total 184320K, used 172515K [0x0000000080000000, 0x0000000100000000)
  region size 1024K, 68 young (69632K), 6 survivors (6144K)
 Metaspace       used 90832K, committed 92928K, reserved 1179648K
  class space    used 12718K, committed 13696K, reserved 1048576K
}
Event: 96.890 GC heap after
{Heap after GC invocations=54 (full 0):
 garbage-first heap   total 185344K, used 110541K [0x0000000080000000, 0x0000000100000000)
  region size 1024K, 6 young (6144K), 6 survivors (6144K)
 Metaspace       used 90832K, committed 92928K, reserved 1179648K
  class space    used 12718K, committed 13696K, reserved 1048576K
}
Event: 96.965 GC heap before
{Heap before GC invocations=54 (full 0):
 garbage-first heap   total 185344K, used 145357K [0x0000000080000000, 0x0000000100000000)
  region size 1024K, 42 young (43008K), 6 survivors (6144K)
 Metaspace       used 90833K, committed 92928K, reserved 1179648K
  class space    used 12718K, committed 13696K, reserved 1048576K
}
Event: 96.972 GC heap after
{Heap after GC invocations=55 (full 0):
 garbage-first heap   total 185344K, used 111827K [0x0000000080000000, 0x0000000100000000)
  region size 1024K, 4 young (4096K), 4 survivors (4096K)
 Metaspace       used 90833K, committed 92928K, reserved 1179648K
  class space    used 12718K, committed 13696K, reserved 1048576K
}
Event: 97.175 GC heap before
{Heap before GC invocations=56 (full 0):
 garbage-first heap   total 189440K, used 176339K [0x0000000080000000, 0x0000000100000000)
  region size 1024K, 65 young (66560K), 4 survivors (4096K)
 Metaspace       used 90838K, committed 92928K, reserved 1179648K
  class space    used 12718K, committed 13696K, reserved 1048576K
}
Event: 97.181 GC heap after
{Heap after GC invocations=57 (full 0):
 garbage-first heap   total 189440K, used 114583K [0x0000000080000000, 0x0000000100000000)
  region size 1024K, 6 young (6144K), 6 survivors (6144K)
 Metaspace       used 90838K, committed 92928K, reserved 1179648K
  class space    used 12718K, committed 13696K, reserved 1048576K
}
Event: 97.308 GC heap before
{Heap before GC invocations=57 (full 0):
 garbage-first heap   total 189440K, used 177047K [0x0000000080000000, 0x0000000100000000)
  region size 1024K, 68 young (69632K), 6 survivors (6144K)
 Metaspace       used 90842K, committed 92928K, reserved 1179648K
  class space    used 12718K, committed 13696K, reserved 1048576K
}
Event: 97.319 GC heap after
{Heap after GC invocations=58 (full 0):
 garbage-first heap   total 253952K, used 115972K [0x0000000080000000, 0x0000000100000000)
  region size 1024K, 6 young (6144K), 6 survivors (6144K)
 Metaspace       used 90842K, committed 92928K, reserved 1179648K
  class space    used 12718K, committed 13696K, reserved 1048576K
}
Event: 97.652 GC heap before
{Heap before GC invocations=58 (full 0):
 garbage-first heap   total 253952K, used 236804K [0x0000000080000000, 0x0000000100000000)
  region size 1024K, 124 young (126976K), 6 survivors (6144K)
 Metaspace       used 90849K, committed 92928K, reserved 1179648K
  class space    used 12718K, committed 13696K, reserved 1048576K
}
Event: 97.661 GC heap after
{Heap after GC invocations=59 (full 0):
 garbage-first heap   total 253952K, used 120896K [0x0000000080000000, 0x0000000100000000)
  region size 1024K, 10 young (10240K), 10 survivors (10240K)
 Metaspace       used 90849K, committed 92928K, reserved 1179648K
  class space    used 12718K, committed 13696K, reserved 1048576K
}
Event: 97.772 GC heap before
{Heap before GC invocations=59 (full 0):
 garbage-first heap   total 253952K, used 235584K [0x0000000080000000, 0x0000000100000000)
  region size 1024K, 123 young (125952K), 10 survivors (10240K)
 Metaspace       used 90850K, committed 92928K, reserved 1179648K
  class space    used 12718K, committed 13696K, reserved 1048576K
}
Event: 97.783 GC heap after
{Heap after GC invocations=60 (full 0):
 garbage-first heap   total 253952K, used 124382K [0x0000000080000000, 0x0000000100000000)
  region size 1024K, 10 young (10240K), 10 survivors (10240K)
 Metaspace       used 90850K, committed 92928K, reserved 1179648K
  class space    used 12718K, committed 13696K, reserved 1048576K
}
Event: 97.904 GC heap before
{Heap before GC invocations=60 (full 0):
 garbage-first heap   total 253952K, used 238046K [0x0000000080000000, 0x0000000100000000)
  region size 1024K, 123 young (125952K), 10 survivors (10240K)
 Metaspace       used 90860K, committed 92928K, reserved 1179648K
  class space    used 12718K, committed 13696K, reserved 1048576K
}
Event: 97.915 GC heap after
{Heap after GC invocations=61 (full 0):
 garbage-first heap   total 254976K, used 128492K [0x0000000080000000, 0x0000000100000000)
  region size 1024K, 12 young (12288K), 12 survivors (12288K)
 Metaspace       used 90860K, committed 92928K, reserved 1179648K
  class space    used 12718K, committed 13696K, reserved 1048576K
}
Event: 98.145 GC heap before
{Heap before GC invocations=62 (full 0):
 garbage-first heap   total 254976K, used 240108K [0x0000000080000000, 0x0000000100000000)
  region size 1024K, 122 young (124928K), 12 survivors (12288K)
 Metaspace       used 90875K, committed 92928K, reserved 1179648K
  class space    used 12718K, committed 13696K, reserved 1048576K
}
Event: 98.159 GC heap after
{Heap after GC invocations=63 (full 0):
 garbage-first heap   total 261120K, used 131293K [0x0000000080000000, 0x0000000100000000)
  region size 1024K, 15 young (15360K), 15 survivors (15360K)
 Metaspace       used 90875K, committed 92928K, reserved 1179648K
  class space    used 12718K, committed 13696K, reserved 1048576K
}
Event: 98.530 GC heap before
{Heap before GC invocations=63 (full 0):
 garbage-first heap   total 261120K, used 243933K [0x0000000080000000, 0x0000000100000000)
  region size 1024K, 127 young (130048K), 15 survivors (15360K)
 Metaspace       used 90904K, committed 92928K, reserved 1179648K
  class space    used 12720K, committed 13696K, reserved 1048576K
}

Dll operation events (3 events):
Event: 0.086 Loaded shared library C:\Program Files\Android\Android Studio\jbr\bin\java.dll
Event: 0.116 Loaded shared library C:\Program Files\Android\Android Studio\jbr\bin\zip.dll
Event: 9.538 Loaded shared library C:\Program Files\Android\Android Studio\jbr\bin\verify.dll

Deoptimization events (20 events):
Event: 96.377 Thread 0x000002082c02dc60 DEOPT PACKING pc=0x00000208121f30b6 sp=0x000000739fcfe0d0
Event: 96.378 Thread 0x000002082c02dc60 DEOPT UNPACKING pc=0x00000208189b4b42 sp=0x000000739fcfd640 mode 0
Event: 96.690 Thread 0x000002082c02cf40 DEOPT PACKING pc=0x00000208114c1a7b sp=0x000000739fafe870
Event: 96.690 Thread 0x000002082c02cf40 DEOPT UNPACKING pc=0x00000208189b4b42 sp=0x000000739fafddf8 mode 0
Event: 97.475 Thread 0x000002082e65ad80 Uncommon trap: trap_request=0xffffff45 fr.pc=0x000002081957132c relative=0x000000000000110c
Event: 97.475 Thread 0x000002082e65ad80 Uncommon trap: reason=unstable_if action=reinterpret pc=0x000002081957132c method=java.util.zip.ZipFile$Source.isSignatureRelated(II)Z @ 143 c2
Event: 97.475 Thread 0x000002082e65ad80 DEOPT PACKING pc=0x000002081957132c sp=0x00000073a14fa9f0
Event: 97.476 Thread 0x000002082e65ad80 DEOPT UNPACKING pc=0x00000208189b43a2 sp=0x00000073a14fa928 mode 2
Event: 98.051 Thread 0x000002082e65baa0 DEOPT PACKING pc=0x00000208114404d1 sp=0x000000739d1fb190
Event: 98.053 Thread 0x000002082e65baa0 DEOPT UNPACKING pc=0x00000208189b4b42 sp=0x000000739d1fa658 mode 0
Event: 98.062 Thread 0x000002082e65baa0 DEOPT PACKING pc=0x0000020811b338b1 sp=0x000000739d1fb280
Event: 98.063 Thread 0x000002082e65baa0 DEOPT UNPACKING pc=0x00000208189b4b42 sp=0x000000739d1fa748 mode 0
Event: 98.097 Thread 0x000002082e65baa0 DEOPT PACKING pc=0x00000208114404d1 sp=0x000000739d1fb190
Event: 98.098 Thread 0x000002082e65baa0 DEOPT UNPACKING pc=0x00000208189b4b42 sp=0x000000739d1fa658 mode 0
Event: 98.140 Thread 0x000002082c02cf40 Uncommon trap: trap_request=0xffffff45 fr.pc=0x0000020819556830 relative=0x00000000000006d0
Event: 98.140 Thread 0x000002082c02cf40 Uncommon trap: reason=unstable_if action=reinterpret pc=0x0000020819556830 method=org.gradle.cache.internal.btree.FreeListBlockStore$FreeListBlock.alloc(Lorg/gradle/cache/internal/btree/Block;)V @ 149 c2
Event: 98.140 Thread 0x000002082c02cf40 DEOPT PACKING pc=0x0000020819556830 sp=0x000000739fafe160
Event: 98.140 Thread 0x000002082c02cf40 DEOPT UNPACKING pc=0x00000208189b43a2 sp=0x000000739fafe128 mode 2
Event: 98.209 Thread 0x000002082c02f6a0 DEOPT PACKING pc=0x0000020811b5e6a1 sp=0x000000739f6ef260
Event: 98.209 Thread 0x000002082c02f6a0 DEOPT UNPACKING pc=0x00000208189b4b42 sp=0x000000739f6ee7d0 mode 0

Classes loaded (20 events):
Event: 92.400 Loading class sun/security/ssl/NewSessionTicket$T13NewSessionTicketMessage
Event: 92.401 Loading class sun/security/ssl/NewSessionTicket$T13NewSessionTicketMessage done
Event: 92.888 Loading class sun/security/ssl/PreSharedKeyExtension$PskIdentity
Event: 92.889 Loading class sun/security/ssl/PreSharedKeyExtension$PskIdentity done
Event: 92.889 Loading class sun/security/ssl/PreSharedKeyExtension$CHPreSharedKeySpec
Event: 92.890 Loading class sun/security/ssl/PreSharedKeyExtension$CHPreSharedKeySpec done
Event: 92.890 Loading class sun/security/ssl/PreSharedKeyExtension$PartialClientHelloMessage
Event: 92.891 Loading class sun/security/ssl/PreSharedKeyExtension$PartialClientHelloMessage done
Event: 92.891 Loading class sun/security/ssl/SSLEngineOutputRecord
Event: 92.892 Loading class sun/security/ssl/SSLEngineOutputRecord done
Event: 92.892 Loading class sun/security/ssl/SSLEngineOutputRecord$HandshakeFragment
Event: 92.893 Loading class sun/security/ssl/SSLEngineOutputRecord$HandshakeFragment done
Event: 92.894 Loading class sun/security/ssl/SSLEngineOutputRecord$HandshakeMemo
Event: 92.894 Loading class sun/security/ssl/SSLEngineOutputRecord$RecordMemo
Event: 92.894 Loading class sun/security/ssl/SSLEngineOutputRecord$RecordMemo done
Event: 92.894 Loading class sun/security/ssl/SSLEngineOutputRecord$HandshakeMemo done
Event: 92.934 Loading class sun/security/ssl/PreSharedKeyExtension$SHPreSharedKeySpec
Event: 92.934 Loading class sun/security/ssl/PreSharedKeyExtension$SHPreSharedKeySpec done
Event: 95.768 Loading class java/util/concurrent/atomic/Striped64$Cell
Event: 95.769 Loading class java/util/concurrent/atomic/Striped64$Cell done

Classes unloaded (20 events):
Event: 56.955 Thread 0x0000020825dfa8e0 Unloading class 0x0000000100840528 '_BuildScript_$_run_closure1'
Event: 56.955 Thread 0x0000020825dfa8e0 Unloading class 0x0000000100840000 '_BuildScript_'
Event: 59.992 Thread 0x0000020825dfa8e0 Unloading class 0x00000001008d3948 '_BuildScript_$_run_closure1$_closure2'
Event: 59.992 Thread 0x0000020825dfa8e0 Unloading class 0x00000001008d3528 '_BuildScript_$_run_closure1'
Event: 59.992 Thread 0x0000020825dfa8e0 Unloading class 0x00000001008d3000 '_BuildScript_'
Event: 70.893 Thread 0x0000020825dfa8e0 Unloading class 0x00000001009e0948 '_BuildScript_$_run_closure2'
Event: 70.893 Thread 0x0000020825dfa8e0 Unloading class 0x00000001009e0528 '_BuildScript_$_run_closure1'
Event: 70.893 Thread 0x0000020825dfa8e0 Unloading class 0x00000001009e0000 '_BuildScript_'
Event: 71.915 Thread 0x0000020825dfa8e0 Unloading class 0x00000001009e8420 '_BuildScript_$_run_closure1$_closure2'
Event: 71.915 Thread 0x0000020825dfa8e0 Unloading class 0x00000001009e8000 '_BuildScript_$_run_closure1'
Event: 71.915 Thread 0x0000020825dfa8e0 Unloading class 0x00000001009e3800 '_BuildScript_'
Event: 96.388 Thread 0x0000020825dfa8e0 Unloading class 0x00000001009ec000 '_BuildScript_$_run_closure1$_closure3'
Event: 96.389 Thread 0x0000020825dfa8e0 Unloading class 0x00000001009eb948 '_BuildScript_$_run_closure1$_closure2'
Event: 96.389 Thread 0x0000020825dfa8e0 Unloading class 0x00000001009eb528 '_BuildScript_$_run_closure1'
Event: 96.389 Thread 0x0000020825dfa8e0 Unloading class 0x00000001009eb000 '_BuildScript_'
Event: 96.389 Thread 0x0000020825dfa8e0 Unloading class 0x00000001009e0840 'JetGradlePlugin$_apply_closure1$_closure2$_closure3'
Event: 96.389 Thread 0x0000020825dfa8e0 Unloading class 0x00000001009e0420 'JetGradlePlugin$_apply_closure1$_closure2'
Event: 96.389 Thread 0x0000020825dfa8e0 Unloading class 0x00000001009e0000 'JetGradlePlugin$_apply_closure1'
Event: 96.389 Thread 0x0000020825dfa8e0 Unloading class 0x00000001009e3b00 'JetGradlePlugin'
Event: 96.389 Thread 0x0000020825dfa8e0 Unloading class 0x00000001009e3800 'RegistryProcessor'

Classes redefined (0 events):
No events

Internal exceptions (20 events):
Event: 98.415 Thread 0x000002082e657270 Exception <a 'sun/nio/fs/WindowsException'{0x0000000089e62cf0}> (0x0000000089e62cf0) 
thrown [s\src\hotspot\share\prims\jni.cpp, line 537]
Event: 98.415 Thread 0x000002082e657270 Exception <a 'sun/nio/fs/WindowsException'{0x0000000089e63ae0}> (0x0000000089e63ae0) 
thrown [s\src\hotspot\share\prims\jni.cpp, line 537]
Event: 98.415 Thread 0x000002082e658cb0 Exception <a 'sun/nio/fs/WindowsException'{0x0000000089c488f0}> (0x0000000089c488f0) 
thrown [s\src\hotspot\share\prims\jni.cpp, line 537]
Event: 98.416 Thread 0x000002082e658cb0 Exception <a 'sun/nio/fs/WindowsException'{0x0000000089ce5f28}> (0x0000000089ce5f28) 
thrown [s\src\hotspot\share\prims\jni.cpp, line 537]
Event: 98.417 Thread 0x000002082e65c130 Exception <a 'sun/nio/fs/WindowsException'{0x0000000089f27468}> (0x0000000089f27468) 
thrown [s\src\hotspot\share\prims\jni.cpp, line 537]
Event: 98.417 Thread 0x000002082e65c130 Exception <a 'sun/nio/fs/WindowsException'{0x0000000089f28528}> (0x0000000089f28528) 
thrown [s\src\hotspot\share\prims\jni.cpp, line 537]
Event: 98.446 Thread 0x000002082e657270 Exception <a 'sun/nio/fs/WindowsException'{0x000000008963b468}> (0x000000008963b468) 
thrown [s\src\hotspot\share\prims\jni.cpp, line 537]
Event: 98.446 Thread 0x000002082e657270 Exception <a 'sun/nio/fs/WindowsException'{0x000000008963c528}> (0x000000008963c528) 
thrown [s\src\hotspot\share\prims\jni.cpp, line 537]
Event: 98.449 Thread 0x000002082c02f6a0 Exception <a 'sun/nio/fs/WindowsException'{0x00000000899f3070}> (0x00000000899f3070) 
thrown [s\src\hotspot\share\prims\jni.cpp, line 537]
Event: 98.454 Thread 0x000002082e658cb0 Exception <a 'sun/nio/fs/WindowsException'{0x00000000898b2380}> (0x00000000898b2380) 
thrown [s\src\hotspot\share\prims\jni.cpp, line 537]
Event: 98.455 Thread 0x000002082e65baa0 Exception <a 'sun/nio/fs/WindowsException'{0x00000000892ccf30}> (0x00000000892ccf30) 
thrown [s\src\hotspot\share\prims\jni.cpp, line 537]
Event: 98.456 Thread 0x000002082e65baa0 Exception <a 'sun/nio/fs/WindowsException'{0x00000000892cdff0}> (0x00000000892cdff0) 
thrown [s\src\hotspot\share\prims\jni.cpp, line 537]
Event: 98.464 Thread 0x000002082e65d4e0 Exception <a 'sun/nio/fs/WindowsException'{0x0000000088e0fe90}> (0x0000000088e0fe90) 
thrown [s\src\hotspot\share\prims\jni.cpp, line 537]
Event: 98.465 Thread 0x000002082e65d4e0 Exception <a 'sun/nio/fs/WindowsException'{0x0000000088e10f50}> (0x0000000088e10f50) 
thrown [s\src\hotspot\share\prims\jni.cpp, line 537]
Event: 98.466 Thread 0x000002082e65c130 Exception <a 'sun/nio/fs/WindowsException'{0x0000000089f50f68}> (0x0000000089f50f68) 
thrown [s\src\hotspot\share\prims\jni.cpp, line 537]
Event: 98.481 Thread 0x000002082e657270 Exception <a 'sun/nio/fs/WindowsException'{0x0000000088e25590}> (0x0000000088e25590) 
thrown [s\src\hotspot\share\prims\jni.cpp, line 537]
Event: 98.484 Thread 0x000002082e65baa0 Exception <a 'sun/nio/fs/WindowsException'{0x0000000088b32fd8}> (0x0000000088b32fd8) 
thrown [s\src\hotspot\share\prims\jni.cpp, line 537]
Event: 98.499 Thread 0x000002082e65d4e0 Exception <a 'sun/nio/fs/WindowsException'{0x00000000885bbe80}> (0x00000000885bbe80) 
thrown [s\src\hotspot\share\prims\jni.cpp, line 537]
Event: 98.503 Thread 0x000002082e65ce50 Exception <a 'sun/nio/fs/WindowsException'{0x00000000884059b0}> (0x00000000884059b0) 
thrown [s\src\hotspot\share\prims\jni.cpp, line 537]
Event: 98.503 Thread 0x000002082e65ce50 Exception <a 'sun/nio/fs/WindowsException'{0x0000000088406a70}> (0x0000000088406a70) 
thrown [s\src\hotspot\share\prims\jni.cpp, line 537]

ZGC Phase Switch (0 events):
No events

VM Operations (20 events):
Event: 97.661 Executing safepoint VM operation: G1CollectForAllocation (G1 Evacuation Pause) done
Event: 97.772 Executing safepoint VM operation: G1CollectForAllocation (G1 Evacuation Pause)
Event: 97.772 Executing safepoint VM operation: G1CollectForAllocation (G1 Evacuation Pause) done
Event: 97.772 Executing safepoint VM operation: G1CollectForAllocation (GCLocker Initiated GC)
Event: 97.783 Executing safepoint VM operation: G1CollectForAllocation (GCLocker Initiated GC) done
Event: 97.903 Executing safepoint VM operation: G1CollectForAllocation (G1 Evacuation Pause)
Event: 97.904 Executing safepoint VM operation: G1CollectForAllocation (G1 Evacuation Pause) done
Event: 97.904 Executing safepoint VM operation: G1CollectForAllocation (GCLocker Initiated GC)
Event: 97.916 Executing safepoint VM operation: G1CollectForAllocation (GCLocker Initiated GC) done
Event: 97.983 Executing safepoint VM operation: G1PauseRemark
Event: 97.991 Executing safepoint VM operation: G1PauseRemark done
Event: 98.023 Executing safepoint VM operation: G1PauseCleanup
Event: 98.023 Executing safepoint VM operation: G1PauseCleanup done
Event: 98.145 Executing safepoint VM operation: G1CollectForAllocation (G1 Evacuation Pause)
Event: 98.145 Executing safepoint VM operation: G1CollectForAllocation (G1 Evacuation Pause) done
Event: 98.145 Executing safepoint VM operation: G1CollectForAllocation (GCLocker Initiated GC)
Event: 98.159 Executing safepoint VM operation: G1CollectForAllocation (GCLocker Initiated GC) done
Event: 98.529 Executing safepoint VM operation: G1CollectForAllocation (G1 Evacuation Pause)
Event: 98.530 Executing safepoint VM operation: G1CollectForAllocation (G1 Evacuation Pause) done
Event: 98.530 Executing safepoint VM operation: G1CollectForAllocation (GCLocker Initiated GC)

Memory protections (0 events):
No events

Nmethod flushes (20 events):
Event: 97.990 Thread 0x0000020825dfa8e0 flushing  nmethod 0x00000208115bcd90
Event: 97.990 Thread 0x0000020825dfa8e0 flushing  nmethod 0x0000020811999690
Event: 97.990 Thread 0x0000020825dfa8e0 flushing  nmethod 0x000002081200d590
Event: 97.990 Thread 0x0000020825dfa8e0 flushing  nmethod 0x000002081208de10
Event: 97.990 Thread 0x0000020825dfa8e0 flushing  nmethod 0x0000020811517f10
Event: 97.990 Thread 0x0000020825dfa8e0 flushing  nmethod 0x0000020811696510
Event: 97.990 Thread 0x0000020825dfa8e0 flushing  nmethod 0x00000208116e3990
Event: 97.990 Thread 0x0000020825dfa8e0 flushing  nmethod 0x00000208116e5410
Event: 97.990 Thread 0x0000020825dfa8e0 flushing  nmethod 0x00000208118e9310
Event: 97.990 Thread 0x0000020825dfa8e0 flushing  nmethod 0x0000020812037a10
Event: 97.990 Thread 0x0000020825dfa8e0 flushing  nmethod 0x00000208121f0d90
Event: 97.990 Thread 0x0000020825dfa8e0 flushing  nmethod 0x00000208114c1310
Event: 97.990 Thread 0x0000020825dfa8e0 flushing  nmethod 0x000002081168c710
Event: 97.990 Thread 0x0000020825dfa8e0 flushing  nmethod 0x0000020811fb1390
Event: 97.990 Thread 0x0000020825dfa8e0 flushing  nmethod 0x0000020811fb1c10
Event: 97.990 Thread 0x0000020825dfa8e0 flushing  nmethod 0x0000020811fb2110
Event: 97.990 Thread 0x0000020825dfa8e0 flushing  nmethod 0x0000020811fb2a10
Event: 97.990 Thread 0x0000020825dfa8e0 flushing  nmethod 0x0000020812024110
Event: 97.990 Thread 0x0000020825dfa8e0 flushing  nmethod 0x0000020812151810
Event: 97.990 Thread 0x0000020825dfa8e0 flushing  nmethod 0x0000020812156610

Events (20 events):
Event: 48.815 Thread 0x000002082c02f6a0 Thread added: 0x000002082e65a060
Event: 49.290 Thread 0x000002082c02f6a0 Thread added: 0x000002082e656be0
Event: 56.522 Thread 0x000002082c02f6a0 Thread added: 0x000002082e659340
Event: 56.527 Thread 0x000002082c02f6a0 Thread added: 0x000002082e657900
Event: 58.155 Thread 0x000002082c02f6a0 Thread added: 0x000002082e657270
Event: 58.157 Thread 0x000002082c02f6a0 Thread added: 0x000002082e65ad80
Event: 68.592 Thread 0x000002082c02f6a0 Thread added: 0x000002082e657f90
Event: 68.598 Thread 0x000002082c02f6a0 Thread added: 0x000002082e65baa0
Event: 68.604 Thread 0x000002082c02f6a0 Thread added: 0x000002082e658620
Event: 68.607 Thread 0x000002082c02f6a0 Thread added: 0x000002082e65c130
Event: 68.636 Thread 0x000002082c02f6a0 Thread added: 0x000002082e658cb0
Event: 68.643 Thread 0x000002082c02f6a0 Thread added: 0x000002082e65c7c0
Event: 68.645 Thread 0x000002082c02f6a0 Thread added: 0x000002082e65ce50
Event: 68.652 Thread 0x000002082c02f6a0 Thread added: 0x000002082e65d4e0
Event: 95.210 Thread 0x000002082a0864c0 Thread added: 0x000002082b83fe90
Event: 95.570 Thread 0x000002082a0864c0 Thread added: 0x000002082b8419d0
Event: 96.670 Thread 0x000002082b8419d0 Thread exited: 0x000002082b8419d0
Event: 96.725 Thread 0x000002082b83fe90 Thread exited: 0x000002082b83fe90
Event: 98.166 Thread 0x000002082a0864c0 Thread added: 0x000002082b840560
Event: 98.294 Thread 0x000002082b840560 Thread exited: 0x000002082b840560


Dynamic libraries:
0x00007ff7f4a50000 - 0x00007ff7f4a5a000 	C:\Program Files\Android\Android Studio\jbr\bin\java.exe
0x00007fff3dfc0000 - 0x00007fff3e226000 	C:\WINDOWS\SYSTEM32\ntdll.dll
0x00007fff027d0000 - 0x00007fff027f1000 	C:\Program Files\Avast Software\Avast\aswhook.dll
0x00007fff3cdd0000 - 0x00007fff3ce99000 	C:\WINDOWS\System32\KERNEL32.DLL
0x00007fff3b250000 - 0x00007fff3b64a000 	C:\WINDOWS\System32\KERNELBASE.dll
0x00007fff3b700000 - 0x00007fff3b84c000 	C:\WINDOWS\System32\ucrtbase.dll
0x00007fff37840000 - 0x00007fff3785b000 	C:\Program Files\Android\Android Studio\jbr\bin\VCRUNTIME140.dll
0x00007fff37010000 - 0x00007fff37028000 	C:\Program Files\Android\Android Studio\jbr\bin\jli.dll
0x00007fff3c640000 - 0x00007fff3c807000 	C:\WINDOWS\System32\USER32.dll
0x00007fff3bc40000 - 0x00007fff3bc67000 	C:\WINDOWS\System32\win32u.dll
0x00007fff3c600000 - 0x00007fff3c62b000 	C:\WINDOWS\System32\GDI32.dll
0x00007fff15fe0000 - 0x00007fff16272000 	C:\WINDOWS\WinSxS\amd64_microsoft.windows.common-controls_6595b64144ccf1df_6.0.26100.8521_none_3e08b75ce33403b3\COMCTL32.dll
0x00007fff3bb10000 - 0x00007fff3bc3b000 	C:\WINDOWS\System32\gdi32full.dll
0x00007fff3b650000 - 0x00007fff3b6f3000 	C:\WINDOWS\System32\msvcp_win.dll
0x00007fff3ded0000 - 0x00007fff3df79000 	C:\WINDOWS\System32\msvcrt.dll
0x00007fff3cfe0000 - 0x00007fff3d012000 	C:\WINDOWS\System32\IMM32.DLL
0x00007fff38d70000 - 0x00007fff38d7c000 	C:\Program Files\Android\Android Studio\jbr\bin\vcruntime140_1.dll
0x00007fff24260000 - 0x00007fff242ed000 	C:\Program Files\Android\Android Studio\jbr\bin\msvcp140.dll
0x00007ffe562f0000 - 0x00007ffe56f86000 	C:\Program Files\Android\Android Studio\jbr\bin\server\jvm.dll
0x00007fff3bd30000 - 0x00007fff3bde6000 	C:\WINDOWS\System32\ADVAPI32.dll
0x00007fff3cca0000 - 0x00007fff3cd4a000 	C:\WINDOWS\System32\sechost.dll
0x00007fff3bf10000 - 0x00007fff3c028000 	C:\WINDOWS\System32\RPCRT4.dll
0x00007fff3cf00000 - 0x00007fff3cf80000 	C:\WINDOWS\System32\WS2_32.dll
0x00007fff3b0b0000 - 0x00007fff3b10e000 	C:\WINDOWS\SYSTEM32\POWRPROF.dll
0x00007fff25f40000 - 0x00007fff25f4b000 	C:\WINDOWS\SYSTEM32\VERSION.dll
0x00007fff33080000 - 0x00007fff330b6000 	C:\WINDOWS\SYSTEM32\WINMM.dll
0x00007fff3b090000 - 0x00007fff3b0a4000 	C:\WINDOWS\SYSTEM32\UMPDC.dll
0x00007fff39fe0000 - 0x00007fff39ffb000 	C:\WINDOWS\SYSTEM32\kernel.appcore.dll
0x00007fff38630000 - 0x00007fff3863a000 	C:\Program Files\Android\Android Studio\jbr\bin\jimage.dll
0x00007fff388d0000 - 0x00007fff38b12000 	C:\WINDOWS\SYSTEM32\DBGHELP.DLL
0x00007fff3c060000 - 0x00007fff3c3e3000 	C:\WINDOWS\System32\combase.dll
0x00007fff3d3a0000 - 0x00007fff3d479000 	C:\WINDOWS\System32\OLEAUT32.dll
0x00007fff25ba0000 - 0x00007fff25bdb000 	C:\WINDOWS\SYSTEM32\dbgcore.DLL
0x00007fff3b9d0000 - 0x00007fff3ba78000 	C:\WINDOWS\System32\bcryptPrimitives.dll
0x00007fff36c00000 - 0x00007fff36c0e000 	C:\Program Files\Android\Android Studio\jbr\bin\instrument.dll
0x00007fff375c0000 - 0x00007fff375e0000 	C:\Program Files\Android\Android Studio\jbr\bin\java.dll
0x00007fff373f0000 - 0x00007fff37408000 	C:\Program Files\Android\Android Studio\jbr\bin\zip.dll
0x00007fff3d5e0000 - 0x00007fff3dd64000 	C:\WINDOWS\System32\SHELL32.dll
0x00007fff38de0000 - 0x00007fff39660000 	C:\WINDOWS\SYSTEM32\windows.storage.dll
0x00007fff3c500000 - 0x00007fff3c5f6000 	C:\WINDOWS\System32\SHCORE.dll
0x00007fff3be70000 - 0x00007fff3bed7000 	C:\WINDOWS\System32\shlwapi.dll
0x00007fff3b170000 - 0x00007fff3b199000 	C:\WINDOWS\SYSTEM32\profapi.dll
0x00007fff38170000 - 0x00007fff38180000 	C:\Program Files\Android\Android Studio\jbr\bin\net.dll
0x00007fff299a0000 - 0x00007fff29ac9000 	C:\WINDOWS\SYSTEM32\WINHTTP.dll
0x00007fff3a550000 - 0x00007fff3a5bc000 	C:\WINDOWS\system32\mswsock.dll
0x00007fff370f0000 - 0x00007fff37106000 	C:\Program Files\Android\Android Studio\jbr\bin\nio.dll
0x00007fff377b0000 - 0x00007fff377c0000 	C:\Program Files\Android\Android Studio\jbr\bin\verify.dll
0x00007fff35e80000 - 0x00007fff35ea7000 	C:\Users\vaibs\.gradle\native\660c5614fbf4a5f2a75b1949f50a0caf5cd603558e7d8a26e50b933a0cfb79d1\windows-amd64\native-platform.dll
0x00007fff238d0000 - 0x00007fff23947000 	C:\Users\vaibs\.gradle\native\0.2.8\x86_64-windows-gnu\gradle-fileevents.dll
0x00007fff37f60000 - 0x00007fff37f69000 	C:\Program Files\Android\Android Studio\jbr\bin\management.dll
0x00007fff37c60000 - 0x00007fff37c6b000 	C:\Program Files\Android\Android Studio\jbr\bin\management_ext.dll
0x00007fff3c4f0000 - 0x00007fff3c4f8000 	C:\WINDOWS\System32\PSAPI.DLL
0x00007fff39990000 - 0x00007fff399c3000 	C:\WINDOWS\SYSTEM32\IPHLPAPI.DLL
0x00007fff3bf00000 - 0x00007fff3bf0a000 	C:\WINDOWS\System32\NSI.dll
0x00007fff38040000 - 0x00007fff38049000 	C:\Program Files\Android\Android Studio\jbr\bin\extnet.dll
0x00007fff3a840000 - 0x00007fff3a85b000 	C:\WINDOWS\SYSTEM32\CRYPTSP.dll
0x00007fff39f20000 - 0x00007fff39f59000 	C:\WINDOWS\system32\rsaenh.dll
0x00007fff3a600000 - 0x00007fff3a633000 	C:\WINDOWS\SYSTEM32\USERENV.dll
0x00007fff3b140000 - 0x00007fff3b16a000 	C:\WINDOWS\SYSTEM32\bcrypt.dll
0x00007fff3a830000 - 0x00007fff3a83c000 	C:\WINDOWS\SYSTEM32\CRYPTBASE.dll
0x00007fff0a900000 - 0x00007fff0a908000 	C:\WINDOWS\system32\wshunix.dll
0x00007fff3a100000 - 0x00007fff3a136000 	C:\WINDOWS\SYSTEM32\ntmarta.dll
0x00007fff39a20000 - 0x00007fff39b6a000 	C:\WINDOWS\SYSTEM32\DNSAPI.dll
0x00007fff3a370000 - 0x00007fff3a37d000 	C:\WINDOWS\SYSTEM32\DSPARSE.dll
0x00007fff289e0000 - 0x00007fff289eb000 	C:\Windows\System32\rasadhlp.dll
0x00007fff317f0000 - 0x00007fff31876000 	C:\WINDOWS\System32\fwpuclnt.dll

JVMTI agents:
C:\Users\vaibs\.gradle\wrapper\dists\gradle-9.5.0-bin\bvnork1r7n8i6kp5cnkibsc9q\gradle-9.5.0\lib\agents\gradle-instrumentation-agent-9.5.0.jar path:C:\Program Files\Android\Android Studio\jbr\bin\instrument.dll, loaded, initialized, instrumentlib options:none

dbghelp: loaded successfully - version: 4.0.5 - missing functions: none
symbol engine: initialized successfully - sym options: 0x614 - pdb path: .;C:\Program Files\Android\Android Studio\jbr\bin;C:\WINDOWS\SYSTEM32;C:\Program Files\Avast Software\Avast;C:\WINDOWS\WinSxS\amd64_microsoft.windows.common-controls_6595b64144ccf1df_6.0.26100.8521_none_3e08b75ce33403b3;C:\Program Files\Android\Android Studio\jbr\bin\server;C:\Users\vaibs\.gradle\native\660c5614fbf4a5f2a75b1949f50a0caf5cd603558e7d8a26e50b933a0cfb79d1\windows-amd64;C:\Users\vaibs\.gradle\native\0.2.8\x86_64-windows-gnu

VM Arguments:
jvm_args: --add-opens=java.base/java.lang=ALL-UNNAMED --add-opens=java.base/java.lang.invoke=ALL-UNNAMED --add-opens=java.base/java.util=ALL-UNNAMED --add-opens=java.prefs/java.util.prefs=ALL-UNNAMED --add-exports=jdk.compiler/com.sun.tools.javac.api=ALL-UNNAMED --add-exports=jdk.compiler/com.sun.tools.javac.util=ALL-UNNAMED --add-opens=java.base/java.nio.charset=ALL-UNNAMED --add-opens=java.base/java.net=ALL-UNNAMED --add-opens=java.base/java.util.concurrent=ALL-UNNAMED --add-opens=java.base/java.util.concurrent.atomic=ALL-UNNAMED --add-opens=java.xml/javax.xml.namespace=ALL-UNNAMED --add-opens=java.base/java.time=ALL-UNNAMED -Xmx2048m -Dfile.encoding=UTF-8 -Duser.country=IN -Duser.language=en -Duser.variant -javaagent:C:\Users\vaibs\.gradle\wrapper\dists\gradle-9.5.0-bin\bvnork1r7n8i6kp5cnkibsc9q\gradle-9.5.0\lib\agents\gradle-instrumentation-agent-9.5.0.jar 
java_command: org.gradle.launcher.daemon.bootstrap.GradleDaemon 9.5.0
java_class_path (initial): C:\Users\vaibs\.gradle\wrapper\dists\gradle-9.5.0-bin\bvnork1r7n8i6kp5cnkibsc9q\gradle-9.5.0\lib\gradle-daemon-main-9.5.0.jar
Launcher Type: SUN_STANDARD

[Global flags]
     intx CICompilerCount                          = 4                                         {product} {ergonomic}
     uint ConcGCThreads                            = 3                                         {product} {ergonomic}
     uint G1ConcRefinementThreads                  = 10                                        {product} {ergonomic}
   size_t G1HeapRegionSize                         = 1048576                                   {product} {ergonomic}
    uintx GCDrainStackTargetSize                   = 64                                        {product} {ergonomic}
   size_t InitialHeapSize                          = 130023424                                 {product} {ergonomic}
   size_t MarkStackSize                            = 4194304                                   {product} {ergonomic}
   size_t MaxHeapSize                              = 2147483648                                {product} {command line}
   size_t MaxNewSize                               = 1287651328                                {product} {ergonomic}
   size_t MinHeapDeltaBytes                        = 1048576                                   {product} {ergonomic}
   size_t MinHeapSize                              = 8388608                                   {product} {ergonomic}
    uintx NonNMethodCodeHeapSize                   = 5839372                                {pd product} {ergonomic}
    uintx NonProfiledCodeHeapSize                  = 122909434                              {pd product} {ergonomic}
    uintx ProfiledCodeHeapSize                     = 122909434                              {pd product} {ergonomic}
    uintx ReservedCodeCacheSize                    = 251658240                              {pd product} {ergonomic}
     bool SegmentedCodeCache                       = true                                      {product} {ergonomic}
   size_t SoftMaxHeapSize                          = 2147483648                             {manageable} {ergonomic}
     bool UseCompressedOops                        = true                           {product lp64_product} {ergonomic}
     bool UseG1GC                                  = true                                      {product} {ergonomic}
     bool UseLargePagesIndividualAllocation        = false                                  {pd product} {ergonomic}

Logging:
Log output configuration:
 #0: stdout all=warning uptime,level,tags foldmultilines=false
 #1: stderr all=off uptime,level,tags foldmultilines=false

Release file:
JAVA_VERSION="21.0.10" 
MODULES="java.base java.compiler java.datatransfer java.xml java.prefs java.desktop java.instrument java.logging java.management java.security.sasl java.naming java.rmi java.management.rmi java.net.http java.scripting java.security.jgss java.transaction.xa java.sql java.sql.rowset java.xml.crypto java.se java.smartcardio jdk.accessibility jdk.internal.jvmstat jdk.attach jdk.charsets jdk.internal.opt jdk.zipfs jdk.compiler jdk.crypto.ec jdk.crypto.cryptoki jdk.dynalink jdk.hotspot.agent jdk.httpserver jdk.internal.ed jdk.internal.le jdk.internal.vm.ci jdk.jartool jdk.javadoc jdk.jcmd jdk.jdeps jdk.jdwp.agent jdk.jdi jdk.jfr jdk.jlink jdk.jsobject jdk.localedata jdk.management jdk.management.agent jdk.management.jfr jdk.naming.dns jdk.naming.rmi jdk.net jdk.sctp jdk.security.auth jdk.security.jgss jdk.unsupported jdk.unsupported.desktop jdk.xml.dom" 
IMPLEMENTOR="JetBrains s.r.o." 
JAVA_RUNTIME_VERSION="21.0.10+-14961533-b1163.108" 
LIBC="default" 
OS_ARCH="x86_64" 
OS_NAME="Windows" 
SOURCE=".:git:1351622c2ff2" 

Environment Variables:
JAVA_HOME=C:\Users\vaibs\jdk17\zulu17.54.21-ca-jdk17.0.13-win_x64
PATH=C:\Program Files\Microsoft\jdk-17.0.20.8-hotspot\bin;C:\Program Files\Autodesk\AliasAutoStudio2027.0\bin;C:\Program Files (x86)\Common Files\Oracle\Java\javapath;C:\Windows\system32;C:\Windows;C:\Windows\System32\Wbem;C:\Windows\System32\WindowsPowerShell\v1.0\;C:\Windows\System32\OpenSSH\;C:\Program Files\dotnet\;C:\Program Files\Git\cmd;C:\Program Files\Kubernetes\Minikube;C:\Program Files\Docker\Docker\resources\bin;C:\Program Files\nodejs\;C:\MinGW\bin;C:\WINDOWS\system32;C:\WINDOWS;C:\WINDOWS\System32\Wbem;C:\WINDOWS\System32\WindowsPowerShell\v1.0\;C:\WINDOWS\System32\OpenSSH\;C:\Program Files\MySQL\MySQL Server 8.0\bin;C:\Users\vaibs\AppData\Local\Microsoft\WindowsApps;C:\Users\vaibs\AppData\Local\Programs\Microsoft VS Code\bin;C:\Users\vaibs\AppData\Roaming\npm;C:\Program Files\MySQL\MySQL Server 8.0\bin;
USERNAME=vaibs
OS=Windows_NT
PROCESSOR_IDENTIFIER=Intel64 Family 6 Model 154 Stepping 4, GenuineIntel
TMP=C:\Users\vaibs\AppData\Local\Temp
TEMP=C:\Users\vaibs\AppData\Local\Temp




Periodic native trim disabled

JNI global refs:
JNI global refs: 25, weak refs: 0

JNI global refs memory usage: 835, weak refs: 833

Process memory usage:
Resident Set Size: 433384K (5% of 8065780K total physical memory with 857860K free physical memory)

OOME stack traces (most recent first):
Classloader memory used:
Loader org.gradle.internal.classloader.VisitableURLClassLoader                         : 47797K
Loader bootstrap                                                                       : 28792K
Loader org.gradle.initialization.MixInLegacyTypesClassLoader                           : 11110K
Loader org.gradle.internal.classloader.VisitableURLClassLoader                         : 1181K
Loader org.gradle.internal.classloader.VisitableURLClassLoader$InstrumentingVisitableURLClassLoader: 746K
Loader jdk.internal.loader.ClassLoaders$PlatformClassLoader                            : 708K
Loader jdk.internal.reflect.DelegatingClassLoader                                      : 287K
Loader jdk.internal.loader.ClassLoaders$AppClassLoader                                 : 189K
Loader org.gradle.groovy.scripts.internal.DefaultScriptCompilationHandler$ScriptClassLoader: 92176B

Classes loaded by more than one classloader:
Class org.gradle.internal.IoActions                                                   : loaded 3 times (x 71B)
Class org.gradle.api.Action                                                           : loaded 3 times (x 70B)
Class org.gradle.internal.Cast                                                        : loaded 3 times (x 71B)
Class org.gradle.api.GradleException                                                  : loaded 3 times (x 82B)
Class Program                                                                         : loaded 3 times (x 72B)
Class org.gradle.internal.classloader.DefaultClassLoaderFactory                       : loaded 2 times (x 82B)
Class kotlin.collections.AbstractList$Companion                                       : loaded 2 times (x 71B)
Class org.gradle.tooling.internal.gradle.DefaultProjectIdentifier                     : loaded 2 times (x 86B)
Class org.gradle.api.internal.DefaultClassPathProvider                                : loaded 2 times (x 76B)
Class [Lorg.gradle.api.internal.ClassPathProvider;                                    : loaded 2 times (x 69B)
Class org.gradle.api.internal.ClassPathProvider                                       : loaded 2 times (x 70B)
Class org.gradle.internal.service.UnknownServiceException                             : loaded 2 times (x 83B)
Class org.gradle.internal.classpath.TransformedClassPath                              : loaded 2 times (x 96B)
Class org.gradle.internal.classloader.InstrumentingClassLoader                        : loaded 2 times (x 70B)
Class com.google.common.collect.Iterators$ArrayItr                                    : loaded 2 times (x 97B)
Class kotlin.enums.EnumEntriesList                                                    : loaded 2 times (x 223B)
Class com.google.common.collect.UnmodifiableIterator                                  : loaded 2 times (x 80B)
Class org.gradle.internal.service.ServiceLocator                                      : loaded 2 times (x 70B)
Class com.intellij.gradle.toolingExtension.util.GradleVersionUtil                     : loaded 2 times (x 71B)
Class com.google.common.collect.Iterators$SingletonIterator                           : loaded 2 times (x 81B)
Class org.gradle.tooling.model.UnsupportedMethodException                             : loaded 2 times (x 82B)
Class com.google.common.collect.Iterators                                             : loaded 2 times (x 71B)
Class com.google.common.collect.Lists$StringAsImmutableList                           : loaded 2 times (x 207B)
Class org.gradle.internal.time.DefaultTimer                                           : loaded 2 times (x 80B)
Class org.gradle.api.internal.classpath.DefaultModuleRegistry$DefaultModule           : loaded 2 times (x 82B)
Class com.google.common.collect.AbstractIterator                                      : loaded 2 times (x 82B)
Class com.google.common.collect.AbstractIndexedListIterator                           : loaded 2 times (x 96B)
Class org.gradle.internal.time.DefaultCountdownTimer                                  : loaded 2 times (x 88B)
Class org.gradle.tooling.internal.gradle.DefaultBuildIdentifier                       : loaded 2 times (x 79B)
Class org.gradle.api.internal.classpath.Module                                        : loaded 2 times (x 70B)
Class org.gradle.api.internal.classpath.UnknownModuleException                        : loaded 2 times (x 82B)
Class org.gradle.tooling.internal.gradle.GradleProjectIdentity                        : loaded 2 times (x 70B)
Class org.gradle.api.internal.DefaultClassPathRegistry                                : loaded 2 times (x 76B)
Class org.gradle.internal.classpath.DefaultClassPath$ImmutableUniqueList              : loaded 2 times (x 199B)
Class org.gradle.api.internal.ClassPathRegistry                                       : loaded 2 times (x 70B)
Class org.gradle.internal.operations.MultipleBuildOperationFailures                   : loaded 2 times (x 95B)
Class Settings_gradle$1                                                               : loaded 2 times (x 74B)
Class org.gradle.internal.classpath.ClassPath                                         : loaded 2 times (x 70B)
Class org.gradle.api.internal.classpath.DefaultModuleRegistry$DefaultModuleAlias      : loaded 2 times (x 80B)
Class com.google.common.collect.Iterators$1                                           : loaded 2 times (x 81B)
Class org.gradle.tooling.model.Model                                                  : loaded 2 times (x 70B)
Class kotlin.UninitializedPropertyAccessException                                     : loaded 2 times (x 82B)
Class sync_studio_tooling_evwn15s1dpd8i5rmrm027k3k0$_run_closure1                     : loaded 2 times (x 139B)
Class com.google.common.collect.UnmodifiableListIterator                              : loaded 2 times (x 95B)
Class org.gradle.api.internal.classpath.ModuleRegistry                                : loaded 2 times (x 70B)
Class org.gradle.internal.installation.GradleInstallation$1                           : loaded 2 times (x 75B)
Class com.google.common.collect.Iterators$5                                           : loaded 2 times (x 82B)
Class com.google.common.collect.ImmutableCollection                                   : loaded 2 times (x 125B)
Class org.gradle.tooling.model.idea.BasicIdeaProject                                  : loaded 2 times (x 70B)
Class org.gradle.api.internal.classpath.DefaultModuleRegistry                         : loaded 2 times (x 84B)
Class com.google.common.collect.Lists                                                 : loaded 2 times (x 71B)
Class com.google.common.collect.Iterators$9                                           : loaded 2 times (x 81B)
Class org.gradle.tooling.model.GradleProject                                          : loaded 2 times (x 70B)
Class org.gradle.internal.time.MonotonicClock                                         : loaded 2 times (x 77B)
Class org.gradle.internal.service.ServiceLookupException                              : loaded 2 times (x 82B)
Class org.gradle.internal.classloader.ClassLoaderFactory                              : loaded 2 times (x 70B)
Class org.gradle.internal.service.CachingServiceLocator                               : loaded 2 times (x 82B)
Class org.gradle.internal.time.TimeSource                                             : loaded 2 times (x 70B)
Class org.gradle.tooling.internal.gradle.GradleBuildIdentity                          : loaded 2 times (x 70B)
Class kotlin.enums.EnumEntries                                                        : loaded 2 times (x 70B)
Class org.gradle.internal.exceptions.ResolutionProvider                               : loaded 2 times (x 70B)
Class org.gradle.tooling.model.ProjectIdentifier                                      : loaded 2 times (x 70B)
Class org.gradle.internal.classloader.ClasspathUtil                                   : loaded 2 times (x 71B)
Class org.gradle.internal.time.TimeSource$1                                           : loaded 2 times (x 77B)
Class kotlin.jvm.internal.DefaultConstructorMarker                                    : loaded 2 times (x 71B)
Class org.gradle.api.specs.Spec                                                       : loaded 2 times (x 70B)
Class com.intellij.gradle.toolingExtension.impl.model.utilDummyModel.DummyModel       : loaded 2 times (x 70B)
Class org.gradle.internal.time.Clock                                                  : loaded 2 times (x 70B)
Class org.gradle.tooling.model.BuildModel                                             : loaded 2 times (x 70B)
Class org.gradle.tooling.model.Element                                                : loaded 2 times (x 70B)
Class kotlin.collections.AbstractList                                                 : loaded 2 times (x 197B)
Class kotlin.collections.AbstractCollection                                           : loaded 2 times (x 117B)
Class ijInit1_2i9rv12bdtqo9ye3y78j8fdyo$_run_closure1                                 : loaded 2 times (x 140B)
Class org.gradle.internal.classloader.VisitableURLClassLoader$InstrumentingVisitableURLClassLoader: loaded 2 times (x 123B)
Class org.gradle.internal.classloader.VisitableURLClassLoader$Spec                    : loaded 2 times (x 74B)
Class org.gradle.internal.classpath.DefaultClassPath                                  : loaded 2 times (x 90B)
Class org.gradle.util.internal.DefaultGradleVersion                                   : loaded 2 times (x 82B)
Class org.gradle.internal.classloader.ClassLoaderSpec                                 : loaded 2 times (x 71B)
Class Settings_gradle$1$1                                                             : loaded 2 times (x 74B)
Class org.gradle.api.internal.classpath.Module$ModuleAlias                            : loaded 2 times (x 70B)
Class org.gradle.internal.classloader.VisitableURLClassLoader                         : loaded 2 times (x 117B)
Class Settings_gradle                                                                 : loaded 2 times (x 124B)
Class org.gradle.internal.classloader.ClassLoaderHierarchy                            : loaded 2 times (x 70B)
Class org.gradle.internal.classloader.FilteringClassLoader                            : loaded 2 times (x 105B)
Class org.gradle.tooling.model.eclipse.EclipseProject                                 : loaded 2 times (x 70B)
Class org.gradle.internal.classpath.DefaultClassPath$ImmutableUniqueList$Builder      : loaded 2 times (x 75B)
Class com.google.common.collect.Iterators$4                                           : loaded 2 times (x 82B)
Class org.gradle.internal.exceptions.NonGradleCauseExceptionsHolder                   : loaded 2 times (x 70B)
Class org.gradle.tooling.model.eclipse.HierarchicalEclipseProject                     : loaded 2 times (x 70B)
Class kotlin.NotImplementedError                                                      : loaded 2 times (x 82B)
Class kotlin.enums.EnumEntriesKt                                                      : loaded 2 times (x 71B)
Class sync_studio_tooling_evwn15s1dpd8i5rmrm027k3k0                                   : loaded 2 times (x 171B)
Class org.gradle.internal.exceptions.MultiCauseException                              : loaded 2 times (x 70B)
Class org.gradle.internal.time.CountdownTimer                                         : loaded 2 times (x 70B)
Class kotlin.jvm.internal.Intrinsics                                                  : loaded 2 times (x 71B)
Class org.gradle.tooling.model.ProjectModel                                           : loaded 2 times (x 70B)
Class org.gradle.tooling.model.gradle.GradleBuild                                     : loaded 2 times (x 70B)
Class kotlin.KotlinNullPointerException                                               : loaded 2 times (x 83B)
Class org.gradle.internal.exceptions.DefaultMultiCauseException                       : loaded 2 times (x 95B)
Class com.google.common.base.Preconditions                                            : loaded 2 times (x 71B)
Class org.gradle.tooling.model.HierarchicalElement                                    : loaded 2 times (x 70B)
Class com.google.common.collect.PeekingIterator                                       : loaded 2 times (x 70B)
Class ijInit1_2i9rv12bdtqo9ye3y78j8fdyo                                               : loaded 2 times (x 171B)
Class org.gradle.internal.time.Time                                                   : loaded 2 times (x 71B)
Class org.gradle.tooling.model.BuildIdentifier                                        : loaded 2 times (x 70B)
Class kotlin.NoWhenBranchMatchedException                                             : loaded 2 times (x 82B)
Class org.gradle.tooling.model.BuildableElement                                       : loaded 2 times (x 70B)
Class org.gradle.tooling.model.HasGradleProject                                       : loaded 2 times (x 70B)
Class org.gradle.internal.time.Timer                                                  : loaded 2 times (x 70B)
Class kotlin.jvm.internal.markers.KMappedMarker                                       : loaded 2 times (x 70B)
Class org.gradle.internal.installation.CurrentGradleInstallationLocator               : loaded 2 times (x 71B)
Class com.google.common.collect.ImmutableList                                         : loaded 2 times (x 206B)
Class org.gradle.tooling.model.idea.IdeaProject                                       : loaded 2 times (x 70B)
Class org.gradle.internal.service.DefaultServiceLocator                               : loaded 2 times (x 83B)
Class org.gradle.util.GradleVersion                                                   : loaded 2 times (x 81B)
Class org.gradle.internal.installation.CurrentGradleInstallation                      : loaded 2 times (x 73B)
Class org.gradle.tooling.model.gradle.ProjectPublications                             : loaded 2 times (x 70B)
Class org.gradle.util.internal.GUtil                                                  : loaded 2 times (x 71B)
Class com.google.common.collect.Iterators$MergingIterator                             : loaded 2 times (x 81B)
Class org.gradle.internal.installation.GradleInstallation                             : loaded 2 times (x 75B)

---------------  S Y S T E M  ---------------

OS:
 Windows 11 , 64 bit Build 26100 (10.0.26100.8521)
OS uptime: 15 days 15:20 hours
Hyper-V role detected

CPU: total 12 (initial active 12) (6 cores per cpu, 2 threads per core) family 6 model 154 stepping 4 microcode 0x43b, cx8, cmov, fxsr, ht, mmx, 3dnowpref, sse, sse2, sse3, ssse3, sse4.1, sse4.2, popcnt, lzcnt, tsc, tscinvbit, avx, avx2, aes, erms, clmul, bmi1, bmi2, adx, sha, fma, vzeroupper, clflush, clflushopt, clwb, hv, serialize, rdtscp, rdpid, fsrm, f16c, cet_ibt, cet_ss
Processor Information for the first 12 processors :
  Max Mhz: 1300, Current Mhz: 1300, Mhz Limit: 1300

Memory: 4k page, system-wide physical 7876M (829M free)
TotalPageFile size 32416M (AvailPageFile size 133M)
current process WorkingSet (physical memory assigned to process): 424M, peak: 424M
current process commit charge ("private bytes"): 544M, peak: 727M

vm_info: OpenJDK 64-Bit Server VM (21.0.10+-14961533-b1163.108) for windows-amd64 JRE (21.0.10+-14961533-b1163.108), built on 2026-03-02T19:58:50Z by "builder" with MS VC++ 16.10 / 16.11 (VS2019)

END.
